cat_level_1,cat_level_2,cat_level_3,ym,median,mean,n,q25,q75,median_pct,q25_pct,q75_pct
شوینده-ها,شوینده-ظروف,__no_l3__,1404-01,1.0,1.0,68,1.0,1.0,100.0,100.0,100.0
شوینده-ها,شوینده-ظروف,__no_l3__,1404-02,1.0,1.0316,68,1.0,1.0414,100.0,100.0,104.14000000000001
شوینده-ها,شوینده-ظروف,__no_l3__,1404-03,1.0154,1.0587,68,1.0,1.0871,101.54,100.0,108.71
شوینده-ها,شوینده-ظروف,__no_l3__,1404-04,1.0249,1.088,68,1.0,1.1672,102.49,100.0,116.72
شوینده-ها,شوینده-ظروف,__no_l3__,1404-05,1.0273,1.1122,68,1.0,1.2438,102.73,100.0,124.38
شوینده-ها,شوینده-ظروف,__no_l3__,1404-06,1.077,1.1358,68,1.0,1.2769,107.69999999999999,100.0,127.69
شوینده-ها,شوینده-ظروف,__no_l3__,1404-07,1.1747,1.277,68,1.0,1.3367,117.47000000000001,100.0,133.67
شوینده-ها,شوینده-ظروف,__no_l3__,1404-08,1.1898,1.2843,68,1.0,1.3356,118.97999999999999,100.0,133.56
شوینده-ها,شوینده-ظروف,__no_l3__,1404-09,1.2366,1.3047,68,1.0475,1.3487,123.66,104.75000000000001,134.87
شوینده-ها,شوینده-ظروف,__no_l3__,1404-10,1.3128,1.3662,68,1.1007,1.4265,131.28,110.07000000000001,142.65
شوینده-ها,شوینده-ظروف,__no_l3__,1404-11,1.4613,1.4089,68,1.241,1.6002,146.13,124.10000000000001,160.02
شوینده-ها,شوینده-ظروف,__no_l3__,1404-12,1.6352,1.5815,68,1.3234,1.8629,163.52,132.34,186.29
شوینده-ها,شوینده-ظروف,__no_l3__,1405-01,1.733,1.6914,68,1.3701,2.0656,173.3,137.01000000000002,206.56
شوینده-ها,شوینده-ظروف,__no_l3__,1405-02,1.8806,1.8646,68,1.5292,2.2767,188.06,152.92,227.67
شوینده-ها,شوینده-ظروف,__no_l3__,1405-03,1.9842,1.9585,68,1.6743,2.3979,198.42,167.42999999999998,239.79
شوینده-ها,شوینده-ظروف,__no_l3__,1405-04,2.0208,1.9799,68,1.6743,2.471,202.07999999999998,167.42999999999998,247.10000000000002
شوینده-ها,شوینده-و-نرم-کننده-لباس-و-حوله,__no_l3__,1404-01,1.0,1.0,24,1.0,1.0,100.0,100.0,100.0
شوینده-ها,شوینده-و-نرم-کننده-لباس-و-حوله,__no_l3__,1404-02,1.0402,1.0692,24,1.0,1.0695,104.02,100.0,106.94999999999999
شوینده-ها,شوینده-و-نرم-کننده-لباس-و-حوله,__no_l3__,1404-03,1.1105,1.152,24,1.0055,1.1779,111.05000000000001,100.55000000000001,117.78999999999999
شوینده-ها,شوینده-و-نرم-کننده-لباس-و-حوله,__no_l3__,1404-04,1.1611,1.1749,24,1.0153,1.2688,116.11,101.53000000000002,126.88
شوینده-ها,شوینده-و-نرم-کننده-لباس-و-حوله,__no_l3__,1404-05,1.2246,1.1881,24,1.0377,1.2839,122.46,103.77000000000001,128.39000000000001
شوینده-ها,شوینده-و-نرم-کننده-لباس-و-حوله,__no_l3__,1404-06,1.2559,1.2246,24,1.0829,1.3375,125.59,108.28999999999999,133.75
شوینده-ها,شوینده-و-نرم-کننده-لباس-و-حوله,__no_l3__,1404-07,1.2683,1.2588,24,1.1491,1.3493,126.83,114.91,134.93
شوینده-ها,شوینده-و-نرم-کننده-لباس-و-حوله,__no_l3__,1404-08,1.2709,1.2911,24,1.1801,1.3888,127.08999999999999,118.00999999999999,138.88
شوینده-ها,شوینده-و-نرم-کننده-لباس-و-حوله,__no_l3__,1404-09,1.3002,1.31,24,1.2172,1.3908,130.02,121.72,139.08
شوینده-ها,شوینده-و-نرم-کننده-لباس-و-حوله,__no_l3__,1404-10,1.3429,1.3727,24,1.2778,1.4422,134.29,127.78,144.22
شوینده-ها,شوینده-و-نرم-کننده-لباس-و-حوله,__no_l3__,1404-11,1.6151,1.5885,24,1.4341,1.7271,161.51,143.41,172.71
شوینده-ها,شوینده-و-نرم-کننده-لباس-و-حوله,__no_l3__,1404-12,1.8073,1.7827,24,1.6145,2.0229,180.73,161.45000000000002,202.29
شوینده-ها,شوینده-و-نرم-کننده-لباس-و-حوله,__no_l3__,1405-01,1.99,1.9082,24,1.674,2.1167,199.0,167.4,211.67
شوینده-ها,شوینده-و-نرم-کننده-لباس-و-حوله,__no_l3__,1405-02,2.0882,2.1138,24,1.8603,2.3842,208.82,186.03,238.42
شوینده-ها,شوینده-و-نرم-کننده-لباس-و-حوله,__no_l3__,1405-03,2.341,2.3887,24,2.0314,2.664,234.10000000000002,203.14000000000001,266.40000000000003
شوینده-ها,شوینده-و-نرم-کننده-لباس-و-حوله,__no_l3__,1405-04,2.3525,2.4796,24,2.055,2.7889,235.25,205.50000000000003,278.89
شوینده-ها,شیشه-پاک-کن,__no_l3__,1404-01,1.0,1.0,56,1.0,1.0,100.0,100.0,100.0
شوینده-ها,شیشه-پاک-کن,__no_l3__,1404-02,1.0,1.0194,56,1.0,1.0,100.0,100.0,100.0
شوینده-ها,شیشه-پاک-کن,__no_l3__,1404-03,1.0,1.0242,56,1.0,1.0,100.0,100.0,100.0
شوینده-ها,شیشه-پاک-کن,__no_l3__,1404-04,1.0,1.0441,56,1.0,1.0,100.0,100.0,100.0
شوینده-ها,شیشه-پاک-کن,__no_l3__,1404-05,1.0,1.0545,56,1.0,1.0641,100.0,100.0,106.41000000000001
شوینده-ها,شیشه-پاک-کن,__no_l3__,1404-06,1.0,1.0608,56,1.0,1.0664,100.0,100.0,106.64
شوینده-ها,شیشه-پاک-کن,__no_l3__,1404-07,1.0,1.0768,56,1.0,1.1314,100.0,100.0,113.14
شوینده-ها,شیشه-پاک-کن,__no_l3__,1404-08,1.0,1.0859,56,1.0,1.2158,100.0,100.0,121.58
شوینده-ها,شیشه-پاک-کن,__no_l3__,1404-09,1.0,1.0989,56,1.0,1.2581,100.0,100.0,125.81
شوینده-ها,شیشه-پاک-کن,__no_l3__,1404-10,1.0,1.1259,56,1.0,1.2591,100.0,100.0,125.91000000000001
شوینده-ها,شیشه-پاک-کن,__no_l3__,1404-11,1.1459,1.2187,56,1.0,1.3826,114.58999999999999,100.0,138.26
شوینده-ها,شیشه-پاک-کن,__no_l3__,1404-12,1.1708,1.2723,56,1.0,1.5033,117.08000000000001,100.0,150.33
شوینده-ها,شیشه-پاک-کن,__no_l3__,1405-01,1.2811,1.3613,56,1.0,1.6594,128.10999999999999,100.0,165.94
شوینده-ها,شیشه-پاک-کن,__no_l3__,1405-02,1.6383,1.664,56,1.0858,2.1751,163.83,108.58000000000001,217.51
شوینده-ها,شیشه-پاک-کن,__no_l3__,1405-03,1.7344,1.8219,56,1.2567,2.3349,173.44,125.66999999999999,233.49
شوینده-ها,شیشه-پاک-کن,__no_l3__,1405-04,1.7932,19.6818,56,1.29,2.4676,179.32,129.0,246.76
شوینده-ها,مایع-دستشویی,__no_l3__,1404-01,1.0,1.0,58,1.0,1.0,100.0,100.0,100.0
شوینده-ها,مایع-دستشویی,__no_l3__,1404-02,1.0,1.0435,58,1.0,1.0682,100.0,100.0,106.82000000000001
شوینده-ها,مایع-دستشویی,__no_l3__,1404-03,1.05,1.1025,58,1.0,1.1979,105.0,100.0,119.78999999999999
شوینده-ها,مایع-دستشویی,__no_l3__,1404-04,1.122,1.1536,58,1.0,1.2839,112.20000000000002,100.0,128.39000000000001
شوینده-ها,مایع-دستشویی,__no_l3__,1404-05,1.147,1.1854,58,1.0,1.3103,114.7,100.0,131.03
شوینده-ها,مایع-دستشویی,__no_l3__,1404-06,1.1657,1.225,58,1.0,1.3608,116.57,100.0,136.08
شوینده-ها,مایع-دستشویی,__no_l3__,1404-07,1.2467,1.2387,58,1.1,1.3841,124.66999999999999,110.00000000000001,138.41000000000003
شوینده-ها,مایع-دستشویی,__no_l3__,1404-08,1.2995,1.2736,58,1.1063,1.4678,129.95000000000002,110.63000000000001,146.78
شوینده-ها,مایع-دستشویی,__no_l3__,1404-09,1.3709,1.3145,58,1.1063,1.5072,137.09,110.63000000000001,150.72
شوینده-ها,مایع-دستشویی,__no_l3__,1404-10,1.4186,1.3619,58,1.1278,1.5981,141.86,112.77999999999999,159.81
شوینده-ها,مایع-دستشویی,__no_l3__,1404-11,1.6296,1.5407,58,1.3592,1.7607,162.95999999999998,135.92,176.07
شوینده-ها,مایع-دستشویی,__no_l3__,1404-12,1.6802,1.656,58,1.4559,1.9582,168.01999999999998,145.59,195.82
شوینده-ها,مایع-دستشویی,__no_l3__,1405-01,1.8837,1.7971,58,1.5803,2.1561,188.37,158.03,215.60999999999999
شوینده-ها,مایع-دستشویی,__no_l3__,1405-02,2.1081,2.1195,58,1.65,2.6193,210.80999999999997,165.0,261.93
شوینده-ها,مایع-دستشویی,__no_l3__,1405-03,2.3521,2.4862,58,1.9846,2.8586,235.21,198.45999999999998,285.86
شوینده-ها,مایع-دستشویی,__no_l3__,1405-04,2.4221,2.5289,58,2.0264,2.8586,242.20999999999998,202.64000000000001,285.86
لوازم-خانگی,تلویزیون-و-لوازم-جانبی,تلویزیون,1404-01,1.0,1.0,48,1.0,1.0,100.0,100.0,100.0
لوازم-خانگی,تلویزیون-و-لوازم-جانبی,تلویزیون,1404-02,1.0,0.9723,48,0.9428,1.0,100.0,94.28,100.0
لوازم-خانگی,تلویزیون-و-لوازم-جانبی,تلویزیون,1404-03,0.9883,0.9616,48,0.9188,1.0,98.83,91.88,100.0
لوازم-خانگی,تلویزیون-و-لوازم-جانبی,تلویزیون,1404-04,1.0,0.9796,48,0.95,1.0,100.0,95.0,100.0
لوازم-خانگی,تلویزیون-و-لوازم-جانبی,تلویزیون,1404-05,0.9973,0.9788,48,0.9571,1.0,99.72999999999999,95.71,100.0
لوازم-خانگی,تلویزیون-و-لوازم-جانبی,تلویزیون,1404-06,1.0,1.0095,48,0.9858,1.0153,100.0,98.58,101.53000000000002
لوازم-خانگی,تلویزیون-و-لوازم-جانبی,تلویزیون,1404-07,1.0282,1.0576,48,1.0,1.0651,102.82,100.0,106.50999999999999
لوازم-خانگی,تلویزیون-و-لوازم-جانبی,تلویزیون,1404-08,1.0232,1.0558,48,1.0,1.0671,102.32000000000001,100.0,106.71
لوازم-خانگی,تلویزیون-و-لوازم-جانبی,تلویزیون,1404-09,1.0944,1.116,48,1.0298,1.1383,109.44,102.98,113.83000000000001
لوازم-خانگی,تلویزیون-و-لوازم-جانبی,تلویزیون,1404-10,1.2213,1.2473,48,1.1701,1.2964,122.13000000000001,117.00999999999999,129.64
لوازم-خانگی,تلویزیون-و-لوازم-جانبی,تلویزیون,1404-11,1.4014,1.4109,48,1.3176,1.4675,140.14,131.76000000000002,146.75
لوازم-خانگی,تلویزیون-و-لوازم-جانبی,تلویزیون,1404-12,1.474,1.4881,48,1.3883,1.5639,147.4,138.83,156.39000000000001
لوازم-خانگی,تلویزیون-و-لوازم-جانبی,تلویزیون,1405-01,1.5801,1.5817,48,1.4547,1.6711,158.01000000000002,145.47,167.11
لوازم-خانگی,تلویزیون-و-لوازم-جانبی,تلویزیون,1405-02,2.0209,2.0184,48,1.8509,2.1991,202.09,185.09,219.91
لوازم-خانگی,تلویزیون-و-لوازم-جانبی,تلویزیون,1405-03,2.1108,2.0848,48,1.9247,2.2568,211.07999999999998,192.47,225.68
لوازم-خانگی,تلویزیون-و-لوازم-جانبی,تلویزیون,1405-04,2.0361,1.9937,48,1.7895,2.1673,203.60999999999999,178.95000000000002,216.73
لوازم-خانگی,یخچال-فریزر-و-آب-سردکن,یخچال-و-فریزر,1404-01,1.0,1.0,46,1.0,1.0,100.0,100.0,100.0
لوازم-خانگی,یخچال-فریزر-و-آب-سردکن,یخچال-و-فریزر,1404-02,1.0,1.0001,46,0.9716,1.0235,100.0,97.16,102.35000000000001
لوازم-خانگی,یخچال-فریزر-و-آب-سردکن,یخچال-و-فریزر,1404-03,0.9963,0.9988,46,0.9599,1.026,99.63,95.99,102.60000000000001
لوازم-خانگی,یخچال-فریزر-و-آب-سردکن,یخچال-و-فریزر,1404-04,1.0191,1.0305,46,0.9988,1.0605,101.91,99.88,106.05
لوازم-خانگی,یخچال-فریزر-و-آب-سردکن,یخچال-و-فریزر,1404-05,1.0466,1.0527,46,1.0166,1.1018,104.66,101.66,110.17999999999999
لوازم-خانگی,یخچال-فریزر-و-آب-سردکن,یخچال-و-فریزر,1404-06,1.1023,1.0968,46,1.0406,1.1423,110.23,104.06,114.23
لوازم-خانگی,یخچال-فریزر-و-آب-سردکن,یخچال-و-فریزر,1404-07,1.1531,1.1539,46,1.1067,1.214,115.31,110.67,121.39999999999999
لوازم-خانگی,یخچال-فریزر-و-آب-سردکن,یخچال-و-فریزر,1404-08,1.1762,1.1613,46,1.1062,1.2255,117.61999999999999,110.62,122.55
لوازم-خانگی,یخچال-فریزر-و-آب-سردکن,یخچال-و-فریزر,1404-09,1.186,1.185,46,1.1051,1.2626,118.6,110.50999999999999,126.25999999999999
لوازم-خانگی,یخچال-فریزر-و-آب-سردکن,یخچال-و-فریزر,1404-10,1.2861,1.2877,46,1.2147,1.3658,128.61,121.46999999999998,136.57999999999998
لوازم-خانگی,یخچال-فریزر-و-آب-سردکن,یخچال-و-فریزر,1404-11,1.5856,1.5704,46,1.4492,1.656,158.56,144.92000000000002,165.6
لوازم-خانگی,یخچال-فریزر-و-آب-سردکن,یخچال-و-فریزر,1404-12,1.6644,1.6646,46,1.5634,1.785,166.44,156.34,178.5
لوازم-خانگی,یخچال-فریزر-و-آب-سردکن,یخچال-و-فریزر,1405-01,1.7769,1.7903,46,1.6881,1.9431,177.69,168.81,194.31
لوازم-خانگی,یخچال-فریزر-و-آب-سردکن,یخچال-و-فریزر,1405-02,2.3821,2.3349,46,2.1349,2.5274,238.20999999999998,213.49,252.74
لوازم-خانگی,یخچال-فریزر-و-آب-سردکن,یخچال-و-فریزر,1405-03,2.7013,2.695,46,2.413,2.9044,270.13,241.29999999999998,290.44
لوازم-خانگی,یخچال-فریزر-و-آب-سردکن,یخچال-و-فریزر,1405-04,2.7096,2.7171,46,2.3731,2.9692,270.96,237.31,296.91999999999996
مواد-غذایی,آجیل-و-خشکبار,بادام,1404-01,1.0,1.0,65,1.0,1.0,100.0,100.0,100.0
مواد-غذایی,آجیل-و-خشکبار,بادام,1404-02,1.0,1.0114,65,1.0,1.0,100.0,100.0,100.0
مواد-غذایی,آجیل-و-خشکبار,بادام,1404-03,1.0,1.05,65,1.0,1.0636,100.0,100.0,106.36000000000001
مواد-غذایی,آجیل-و-خشکبار,بادام,1404-04,1.0,1.0963,65,1.0,1.131,100.0,100.0,113.1
مواد-غذایی,آجیل-و-خشکبار,بادام,1404-05,1.0845,1.1736,65,1.0,1.2309,108.45,100.0,123.09
مواد-غذایی,آجیل-و-خشکبار,بادام,1404-06,1.1006,1.2309,65,1.0,1.2955,110.06,100.0,129.55
مواد-غذایی,آجیل-و-خشکبار,بادام,1404-07,1.2275,1.3353,65,1.0,1.3828,122.75,100.0,138.28
مواد-غذایی,آجیل-و-خشکبار,بادام,1404-08,1.3485,1.4401,65,1.0858,1.5465,134.85,108.58000000000001,154.65
مواد-غذایی,آجیل-و-خشکبار,بادام,1404-09,1.3867,1.5196,65,1.1667,1.6693,138.67000000000002,116.67,166.93
مواد-غذایی,آجیل-و-خشکبار,بادام,1404-10,1.4987,1.6003,65,1.2136,1.7898,149.87,121.36,178.98000000000002
مواد-غذایی,آجیل-و-خشکبار,بادام,1404-11,1.6526,1.8051,65,1.2617,1.9621,165.26000000000002,126.17,196.21
مواد-غذایی,آجیل-و-خشکبار,بادام,1404-12,1.8174,1.93,65,1.4575,2.1458,181.73999999999998,145.75,214.57999999999998
مواد-غذایی,آجیل-و-خشکبار,بادام,1405-01,1.9286,2.0369,65,1.6015,2.1887,192.86,160.15,218.86999999999998
مواد-غذایی,آجیل-و-خشکبار,بادام,1405-02,2.1538,2.2857,65,1.8316,2.4991,215.38,183.16,249.91
مواد-غذایی,آجیل-و-خشکبار,بادام,1405-03,2.2975,2.5302,65,2.025,2.7179,229.75,202.5,271.79
مواد-غذایی,آجیل-و-خشکبار,بادام,1405-04,2.303,2.5391,65,2.025,2.7179,230.29999999999998,202.5,271.79
مواد-غذایی,آجیل-و-خشکبار,تخمه-و-مغزیجات,1404-01,1.0,1.0,68,1.0,1.0,100.0,100.0,100.0
مواد-غذایی,آجیل-و-خشکبار,تخمه-و-مغزیجات,1404-02,1.0,0.9998,68,1.0,1.0,100.0,100.0,100.0
مواد-غذایی,آجیل-و-خشکبار,تخمه-و-مغزیجات,1404-03,1.0,1.0136,68,1.0,1.0232,100.0,100.0,102.32000000000001
مواد-غذایی,آجیل-و-خشکبار,تخمه-و-مغزیجات,1404-04,1.0,1.0202,68,1.0,1.0347,100.0,100.0,103.47
مواد-غذایی,آجیل-و-خشکبار,تخمه-و-مغزیجات,1404-05,1.0,1.0589,68,1.0,1.0748,100.0,100.0,107.48
مواد-غذایی,آجیل-و-خشکبار,تخمه-و-مغزیجات,1404-06,1.0,1.0958,68,1.0,1.1004,100.0,100.0,110.04
مواد-غذایی,آجیل-و-خشکبار,تخمه-و-مغزیجات,1404-07,1.1024,1.2039,68,1.0,1.2604,110.24000000000001,100.0,126.03999999999999
مواد-غذایی,آجیل-و-خشکبار,تخمه-و-مغزیجات,1404-08,1.2413,1.3306,68,1.0527,1.4194,124.13000000000001,105.27,141.94
مواد-غذایی,آجیل-و-خشکبار,تخمه-و-مغزیجات,1404-09,1.3563,1.4212,68,1.075,1.5528,135.63,107.5,155.28
مواد-غذایی,آجیل-و-خشکبار,تخمه-و-مغزیجات,1404-10,1.3744,1.461,68,1.1495,1.6051,137.44,114.95,160.51
مواد-غذایی,آجیل-و-خشکبار,تخمه-و-مغزیجات,1404-11,1.5418,1.6514,68,1.2804,1.9157,154.18,128.04,191.57
مواد-غذایی,آجیل-و-خشکبار,تخمه-و-مغزیجات,1404-12,1.7661,1.8445,68,1.4173,2.1248,176.61,141.73,212.48
مواد-غذایی,آجیل-و-خشکبار,تخمه-و-مغزیجات,1405-01,1.9038,2.034,68,1.5171,2.4644,190.38,151.70999999999998,246.44
مواد-غذایی,آجیل-و-خشکبار,تخمه-و-مغزیجات,1405-02,2.1411,2.3327,68,1.7183,2.7144,214.10999999999999,171.82999999999998,271.44
مواد-غذایی,آجیل-و-خشکبار,تخمه-و-مغزیجات,1405-03,2.6028,2.7965,68,1.9973,3.2826,260.28,199.73000000000002,328.26
مواد-غذایی,آجیل-و-خشکبار,تخمه-و-مغزیجات,1405-04,2.6196,2.8011,68,1.9973,3.2826,261.96000000000004,199.73000000000002,328.26
مواد-غذایی,آجیل-و-خشکبار,خرما,1404-01,1.0,1.0,54,1.0,1.0,100.0,100.0,100.0
مواد-غذایی,آجیل-و-خشکبار,خرما,1404-02,1.0,1.003,54,1.0,1.0,100.0,100.0,100.0
مواد-غذایی,آجیل-و-خشکبار,خرما,1404-03,1.0,1.0237,54,1.0,1.0,100.0,100.0,100.0
مواد-غذایی,آجیل-و-خشکبار,خرما,1404-04,1.0,1.0544,54,1.0,1.0296,100.0,100.0,102.96000000000001
مواد-غذایی,آجیل-و-خشکبار,خرما,1404-05,1.0,1.0889,54,1.0,1.1176,100.0,100.0,111.75999999999999
مواد-غذایی,آجیل-و-خشکبار,خرما,1404-06,1.0,1.1178,54,1.0,1.1411,100.0,100.0,114.11
مواد-غذایی,آجیل-و-خشکبار,خرما,1404-07,1.0,1.1442,54,1.0,1.1819,100.0,100.0,118.19
مواد-غذایی,آجیل-و-خشکبار,خرما,1404-08,1.0,1.157,54,1.0,1.2698,100.0,100.0,126.98
مواد-غذایی,آجیل-و-خشکبار,خرما,1404-09,1.0227,1.2144,54,1.0,1.341,102.27,100.0,134.1
مواد-غذایی,آجیل-و-خشکبار,خرما,1404-10,1.0982,1.2132,54,1.0,1.3334,109.82000000000001,100.0,133.34
مواد-غذایی,آجیل-و-خشکبار,خرما,1404-11,1.131,1.2442,54,1.0,1.4322,113.1,100.0,143.22
مواد-غذایی,آجیل-و-خشکبار,خرما,1404-12,1.1479,1.2922,54,0.9775,1.4729,114.78999999999999,97.75,147.29000000000002
مواد-غذایی,آجیل-و-خشکبار,خرما,1405-01,1.3472,1.3437,54,1.0,1.6072,134.72,100.0,160.72
مواد-غذایی,آجیل-و-خشکبار,خرما,1405-02,1.3286,1.4441,54,1.0049,1.714,132.86,100.49,171.4
مواد-غذایی,آجیل-و-خشکبار,خرما,1405-03,1.3065,1.4962,54,0.987,1.8703,130.65,98.7,187.03
مواد-غذایی,آجیل-و-خشکبار,خرما,1405-04,1.3065,1.4946,54,1.0049,1.8703,130.65,100.49,187.03
مواد-غذایی,آجیل-و-خشکبار,سویا,1404-01,1.0,1.0,43,1.0,1.0,100.0,100.0,100.0
مواد-غذایی,آجیل-و-خشکبار,سویا,1404-02,1.0,1.0015,43,1.0,1.0,100.0,100.0,100.0
مواد-غذایی,آجیل-و-خشکبار,سویا,1404-03,1.0,0.9929,43,1.0,1.0,100.0,100.0,100.0
مواد-غذایی,آجیل-و-خشکبار,سویا,1404-04,1.0,0.976,43,1.0,1.0,100.0,100.0,100.0
مواد-غذایی,آجیل-و-خشکبار,سویا,1404-05,1.0,0.9784,43,1.0,1.0,100.0,100.0,100.0
مواد-غذایی,آجیل-و-خشکبار,سویا,1404-06,1.0,0.9784,43,1.0,1.0,100.0,100.0,100.0
مواد-غذایی,آجیل-و-خشکبار,سویا,1404-07,1.0,0.9943,43,1.0,1.0,100.0,100.0,100.0
مواد-غذایی,آجیل-و-خشکبار,سویا,1404-08,1.0,0.9986,43,1.0,1.0,100.0,100.0,100.0
مواد-غذایی,آجیل-و-خشکبار,سویا,1404-09,1.0,1.0119,43,1.0,1.0,100.0,100.0,100.0
مواد-غذایی,آجیل-و-خشکبار,سویا,1404-10,1.0,1.2091,43,1.0,1.1882,100.0,100.0,118.82
مواد-غذایی,آجیل-و-خشکبار,سویا,1404-11,1.1667,1.477,43,1.0,1.6272,116.67,100.0,162.72
مواد-غذایی,آجیل-و-خشکبار,سویا,1404-12,1.3204,1.6005,43,1.0,2.3235,132.04,100.0,232.35000000000002
مواد-غذایی,آجیل-و-خشکبار,سویا,1405-01,1.6667,1.7077,43,1.0,2.3724,166.67000000000002,100.0,237.23999999999998
مواد-غذایی,آجیل-و-خشکبار,سویا,1405-02,1.95,1.9511,43,1.0,2.7125,195.0,100.0,271.25
مواد-غذایی,آجیل-و-خشکبار,سویا,1405-03,2.025,2.1231,43,1.0,2.8785,202.5,100.0,287.84999999999997
مواد-غذایی,آجیل-و-خشکبار,سویا,1405-04,2.0468,2.1408,43,1.0417,2.8785,204.68,104.17,287.84999999999997
مواد-غذایی,آجیل-و-خشکبار,فندق,1404-01,1.0,1.0,71,1.0,1.0,100.0,100.0,100.0
مواد-غذایی,آجیل-و-خشکبار,فندق,1404-02,1.0,1.0055,71,1.0,1.0,100.0,100.0,100.0
مواد-غذایی,آجیل-و-خشکبار,فندق,1404-03,1.0,1.0086,71,1.0,1.0,100.0,100.0,100.0
مواد-غذایی,آجیل-و-خشکبار,فندق,1404-04,1.0,1.0003,71,1.0,1.0,100.0,100.0,100.0
مواد-غذایی,آجیل-و-خشکبار,فندق,1404-05,1.0,1.0146,71,1.0,1.0033,100.0,100.0,100.33000000000001
مواد-غذایی,آجیل-و-خشکبار,فندق,1404-06,1.0,1.0189,71,1.0,1.0069,100.0,100.0,100.69
مواد-غذایی,آجیل-و-خشکبار,فندق,1404-07,1.0244,1.1336,71,1.0,1.185,102.44,100.0,118.5
مواد-غذایی,آجیل-و-خشکبار,فندق,1404-08,1.0958,1.2182,71,1.0,1.3706,109.58000000000001,100.0,137.06
مواد-غذایی,آجیل-و-خشکبار,فندق,1404-09,1.1879,1.3266,71,1.0,1.5885,118.78999999999999,100.0,158.85
مواد-غذایی,آجیل-و-خشکبار,فندق,1404-10,1.2889,1.3956,71,1.0,1.6942,128.89,100.0,169.42
مواد-غذایی,آجیل-و-خشکبار,فندق,1404-11,1.3488,1.528,71,1.1195,1.8044,134.88,111.94999999999999,180.44
مواد-غذایی,آجیل-و-خشکبار,فندق,1404-12,1.5559,1.8343,71,1.2307,2.0187,155.59,123.07,201.87
مواد-غذایی,آجیل-و-خشکبار,فندق,1405-01,1.5858,1.9725,71,1.3007,2.1379,158.58,130.07,213.79000000000002
مواد-غذایی,آجیل-و-خشکبار,فندق,1405-02,1.7177,2.0809,71,1.35,2.2904,171.77,135.0,229.04
مواد-غذایی,آجیل-و-خشکبار,فندق,1405-03,1.9275,2.2463,71,1.4387,2.4233,192.75,143.87,242.32999999999998
مواد-غذایی,آجیل-و-خشکبار,فندق,1405-04,1.9468,2.2596,71,1.4759,2.4233,194.68,147.59,242.32999999999998
مواد-غذایی,آجیل-و-خشکبار,میوه-خشک,1404-01,1.0,1.0,46,1.0,1.0,100.0,100.0,100.0
مواد-غذایی,آجیل-و-خشکبار,میوه-خشک,1404-02,1.0,1.0261,46,1.0,1.0,100.0,100.0,100.0
مواد-غذایی,آجیل-و-خشکبار,میوه-خشک,1404-03,1.0,1.0513,46,1.0,1.0221,100.0,100.0,102.21000000000001
مواد-غذایی,آجیل-و-خشکبار,میوه-خشک,1404-04,1.0,1.0744,46,1.0,1.096,100.0,100.0,109.60000000000001
مواد-غذایی,آجیل-و-خشکبار,میوه-خشک,1404-05,1.0268,1.1134,46,1.0,1.2094,102.67999999999999,100.0,120.94
مواد-غذایی,آجیل-و-خشکبار,میوه-خشک,1404-06,1.0705,1.1653,46,1.0,1.3036,107.05,100.0,130.36
مواد-غذایی,آجیل-و-خشکبار,میوه-خشک,1404-07,1.2232,1.2962,46,1.0139,1.42,122.32000000000001,101.39,142.0
مواد-غذایی,آجیل-و-خشکبار,میوه-خشک,1404-08,1.3126,1.3994,46,1.0293,1.7601,131.26,102.93,176.01
مواد-غذایی,آجیل-و-خشکبار,میوه-خشک,1404-09,1.463,1.5519,46,1.1325,1.8562,146.3,113.25,185.62
مواد-غذایی,آجیل-و-خشکبار,میوه-خشک,1404-10,1.5871,1.6752,46,1.2564,1.9071,158.71,125.64,190.71
مواد-غذایی,آجیل-و-خشکبار,میوه-خشک,1404-11,1.7028,1.8008,46,1.2532,2.1286,170.28,125.32000000000001,212.86
مواد-غذایی,آجیل-و-خشکبار,میوه-خشک,1404-12,1.729,1.9642,46,1.3501,2.3495,172.9,135.01000000000002,234.95
مواد-غذایی,آجیل-و-خشکبار,میوه-خشک,1405-01,1.8426,2.0474,46,1.4858,2.5168,184.26,148.58,251.68
مواد-غذایی,آجیل-و-خشکبار,میوه-خشک,1405-02,2.2165,2.5843,46,1.6178,2.7592,221.64999999999998,161.78,275.91999999999996
مواد-غذایی,آجیل-و-خشکبار,میوه-خشک,1405-03,2.3386,2.8164,46,1.5754,2.9335,233.86,157.54,293.35
مواد-غذایی,آجیل-و-خشکبار,میوه-خشک,1405-04,2.3386,2.8419,46,1.6401,2.9335,233.86,164.01,293.35
مواد-غذایی,آجیل-و-خشکبار,پسته,1404-01,1.0,1.0,65,1.0,1.0,100.0,100.0,100.0
مواد-غذایی,آجیل-و-خشکبار,پسته,1404-02,1.0,1.0206,65,1.0,1.0258,100.0,100.0,102.58
مواد-غذایی,آجیل-و-خشکبار,پسته,1404-03,1.0148,1.0479,65,1.0,1.0704,101.47999999999999,100.0,107.04
مواد-غذایی,آجیل-و-خشکبار,پسته,1404-04,1.0167,1.0648,65,1.0,1.115,101.66999999999999,100.0,111.5
مواد-غذایی,آجیل-و-خشکبار,پسته,1404-05,1.0555,1.0807,65,1.0,1.1376,105.55000000000001,100.0,113.75999999999999
مواد-غذایی,آجیل-و-خشکبار,پسته,1404-06,1.0665,1.0982,65,1.0,1.1488,106.65,100.0,114.88000000000001
مواد-غذایی,آجیل-و-خشکبار,پسته,1404-07,1.1449,1.1713,65,1.0,1.2496,114.49000000000001,100.0,124.96000000000001
مواد-غذایی,آجیل-و-خشکبار,پسته,1404-08,1.2571,1.2389,65,1.0,1.3729,125.71000000000001,100.0,137.29
مواد-غذایی,آجیل-و-خشکبار,پسته,1404-09,1.3987,1.389,65,1.1404,1.5338,139.87,114.04,153.38
مواد-غذایی,آجیل-و-خشکبار,پسته,1404-10,1.4583,1.4733,65,1.2535,1.6629,145.82999999999998,125.35000000000001,166.29
مواد-غذایی,آجیل-و-خشکبار,پسته,1404-11,1.6115,1.603,65,1.2903,1.799,161.15,129.03,179.9
مواد-غذایی,آجیل-و-خشکبار,پسته,1404-12,1.7024,1.7423,65,1.4076,1.9814,170.23999999999998,140.76,198.14000000000001
مواد-غذایی,آجیل-و-خشکبار,پسته,1405-01,1.7804,1.8368,65,1.4922,2.0863,178.04,149.22,208.63
مواد-غذایی,آجیل-و-خشکبار,پسته,1405-02,1.9114,2.0254,65,1.6986,2.1826,191.14,169.86,218.26
مواد-غذایی,آجیل-و-خشکبار,پسته,1405-03,2.1894,2.3183,65,1.9263,2.5423,218.94,192.63,254.23
مواد-غذایی,آجیل-و-خشکبار,پسته,1405-04,2.2266,2.3514,65,1.9574,2.6048,222.66,195.74,260.48
مواد-غذایی,آجیل-و-خشکبار,کشمش-و-مویز,1404-01,1.0,1.0,64,1.0,1.0,100.0,100.0,100.0
مواد-غذایی,آجیل-و-خشکبار,کشمش-و-مویز,1404-02,1.0,1.0154,64,1.0,1.0,100.0,100.0,100.0
مواد-غذایی,آجیل-و-خشکبار,کشمش-و-مویز,1404-03,1.0,1.0201,64,1.0,1.0,100.0,100.0,100.0
مواد-غذایی,آجیل-و-خشکبار,کشمش-و-مویز,1404-04,1.0,1.0201,64,1.0,1.0233,100.0,100.0,102.33000000000001
مواد-غذایی,آجیل-و-خشکبار,کشمش-و-مویز,1404-05,1.0,1.0526,64,1.0,1.0975,100.0,100.0,109.74999999999999
مواد-غذایی,آجیل-و-خشکبار,کشمش-و-مویز,1404-06,1.0289,1.0965,64,1.0,1.2067,102.88999999999999,100.0,120.67000000000002
مواد-غذایی,آجیل-و-خشکبار,کشمش-و-مویز,1404-07,1.2484,1.2824,64,1.0,1.4179,124.83999999999999,100.0,141.79
مواد-غذایی,آجیل-و-خشکبار,کشمش-و-مویز,1404-08,1.442,1.5015,64,1.0777,1.7842,144.2,107.77000000000001,178.42
مواد-غذایی,آجیل-و-خشکبار,کشمش-و-مویز,1404-09,1.4918,1.5881,64,1.1347,1.9666,149.18,113.47,196.66
مواد-غذایی,آجیل-و-خشکبار,کشمش-و-مویز,1404-10,1.5316,1.7701,64,1.2787,2.0736,153.16,127.86999999999999,207.35999999999999
مواد-غذایی,آجیل-و-خشکبار,کشمش-و-مویز,1404-11,1.774,1.894,64,1.3679,2.1686,177.4,136.79,216.86
مواد-غذایی,آجیل-و-خشکبار,کشمش-و-مویز,1404-12,1.8017,2.0035,64,1.4548,2.4077,180.17000000000002,145.48000000000002,240.77
مواد-غذایی,آجیل-و-خشکبار,کشمش-و-مویز,1405-01,1.9259,2.1484,64,1.5733,2.5506,192.59,157.32999999999998,255.06000000000003
مواد-غذایی,آجیل-و-خشکبار,کشمش-و-مویز,1405-02,2.0797,2.3181,64,1.699,2.8398,207.97,169.9,283.97999999999996
مواد-غذایی,آجیل-و-خشکبار,کشمش-و-مویز,1405-03,2.1404,2.4468,64,1.7509,3.0058,214.04000000000002,175.09,300.58
مواد-غذایی,آجیل-و-خشکبار,کشمش-و-مویز,1405-04,2.1404,2.4653,64,1.7584,3.022,214.04000000000002,175.84,302.2
مواد-غذایی,آجیل-و-خشکبار,گردو,1404-01,1.0,1.0,62,1.0,1.0,100.0,100.0,100.0
مواد-غذایی,آجیل-و-خشکبار,گردو,1404-02,1.0,1.0062,62,1.0,1.0,100.0,100.0,100.0
مواد-غذایی,آجیل-و-خشکبار,گردو,1404-03,1.0,1.0103,62,1.0,1.0,100.0,100.0,100.0
مواد-غذایی,آجیل-و-خشکبار,گردو,1404-04,1.0,1.0266,62,1.0,1.018,100.0,100.0,101.8
مواد-غذایی,آجیل-و-خشکبار,گردو,1404-05,1.0,1.1046,62,1.0,1.1814,100.0,100.0,118.14
مواد-غذایی,آجیل-و-خشکبار,گردو,1404-06,1.0445,1.1552,62,1.0,1.2671,104.45,100.0,126.71
مواد-غذایی,آجیل-و-خشکبار,گردو,1404-07,1.21,1.2687,62,1.0,1.4047,121.0,100.0,140.47
مواد-غذایی,آجیل-و-خشکبار,گردو,1404-08,1.3286,1.3179,62,1.0,1.5366,132.86,100.0,153.66
مواد-غذایی,آجیل-و-خشکبار,گردو,1404-09,1.3379,1.3468,62,1.0,1.5887,133.79000000000002,100.0,158.87
مواد-غذایی,آجیل-و-خشکبار,گردو,1404-10,1.3982,1.396,62,1.0,1.6587,139.82000000000002,100.0,165.87
مواد-غذایی,آجیل-و-خشکبار,گردو,1404-11,1.4626,1.4736,62,1.038,1.7942,146.26,103.8,179.42000000000002
مواد-غذایی,آجیل-و-خشکبار,گردو,1404-12,1.5501,1.534,62,1.1639,1.8424,155.01,116.38999999999999,184.24
مواد-غذایی,آجیل-و-خشکبار,گردو,1405-01,1.6332,1.5708,62,1.1215,1.8946,163.32,112.14999999999999,189.46
مواد-غذایی,آجیل-و-خشکبار,گردو,1405-02,1.706,1.6404,62,1.2591,2.0485,170.6,125.91000000000001,204.85000000000002
مواد-غذایی,آجیل-و-خشکبار,گردو,1405-03,1.7222,1.6829,62,1.2718,2.0753,172.22,127.18,207.53
مواد-غذایی,آجیل-و-خشکبار,گردو,1405-04,1.7578,1.6955,62,1.2771,2.0861,175.78,127.71,208.61
مواد-غذایی,لبنیات,شیر-لبنی,1404-01,1.0,1.0,40,1.0,1.0,100.0,100.0,100.0
مواد-غذایی,لبنیات,شیر-لبنی,1404-02,1.0,1.0151,40,1.0,1.0,100.0,100.0,100.0
مواد-غذایی,لبنیات,شیر-لبنی,1404-03,1.0,1.0323,40,1.0,1.0693,100.0,100.0,106.92999999999999
مواد-غذایی,لبنیات,شیر-لبنی,1404-04,1.0,1.0841,40,1.0,1.1853,100.0,100.0,118.53
مواد-غذایی,لبنیات,شیر-لبنی,1404-05,1.0027,1.0992,40,1.0,1.2034,100.27,100.0,120.34
مواد-غذایی,لبنیات,شیر-لبنی,1404-06,1.0643,1.1415,40,1.0,1.3259,106.43,100.0,132.59
مواد-غذایی,لبنیات,شیر-لبنی,1404-07,1.1172,1.1709,40,1.0,1.349,111.72,100.0,134.9
مواد-غذایی,لبنیات,شیر-لبنی,1404-08,1.1957,1.2064,40,1.0,1.3858,119.57,100.0,138.57999999999998
مواد-غذایی,لبنیات,شیر-لبنی,1404-09,1.215,1.2834,40,1.0,1.4957,121.50000000000001,100.0,149.57
مواد-غذایی,لبنیات,شیر-لبنی,1404-10,1.234,1.317,40,1.0,1.6028,123.4,100.0,160.28
مواد-غذایی,لبنیات,شیر-لبنی,1404-11,1.4621,1.6996,40,1.0,1.7978,146.21,100.0,179.78
مواد-غذایی,لبنیات,شیر-لبنی,1404-12,1.4869,1.7508,40,1.0,1.8985,148.69,100.0,189.85
مواد-غذایی,لبنیات,شیر-لبنی,1405-01,1.4484,1.7683,40,1.0,2.0834,144.84,100.0,208.34
مواد-غذایی,لبنیات,شیر-لبنی,1405-02,1.5726,1.5901,40,1.0,2.1544,157.26,100.0,215.44
مواد-غذایی,لبنیات,شیر-لبنی,1405-03,1.8281,1.7712,40,1.165,2.2889,182.81,116.5,228.89
مواد-غذایی,لبنیات,شیر-لبنی,1405-04,1.8616,1.8321,40,1.165,2.2889,186.16,116.5,228.89
مواد-غذایی,لبنیات,ماست,1404-01,1.0,1.0,39,1.0,1.0,100.0,100.0,100.0
مواد-غذایی,لبنیات,ماست,1404-02,1.0,1.0091,39,1.0,1.0,100.0,100.0,100.0
مواد-غذایی,لبنیات,ماست,1404-03,1.0,1.0397,39,1.0,1.0,100.0,100.0,100.0
مواد-غذایی,لبنیات,ماست,1404-04,1.0,1.0682,39,1.0,1.0212,100.0,100.0,102.12
مواد-غذایی,لبنیات,ماست,1404-05,1.0,1.0832,39,1.0,1.0654,100.0,100.0,106.53999999999999
مواد-غذایی,لبنیات,ماست,1404-06,1.0,1.0835,39,1.0,1.0654,100.0,100.0,106.53999999999999
مواد-غذایی,لبنیات,ماست,1404-07,1.0,1.092,39,1.0,1.1191,100.0,100.0,111.91
مواد-غذایی,لبنیات,ماست,1404-08,1.0,1.3642,39,1.0,1.2576,100.0,100.0,125.76
مواد-غذایی,لبنیات,ماست,1404-09,1.0,1.3884,39,1.0,1.3643,100.0,100.0,136.43
مواد-غذایی,لبنیات,ماست,1404-10,1.0526,1.8936,39,1.0,1.5907,105.25999999999999,100.0,159.07
مواد-غذایی,لبنیات,ماست,1404-11,1.2,2.0398,39,1.0,1.7648,120.0,100.0,176.48
مواد-غذایی,لبنیات,ماست,1404-12,1.2655,2.0583,39,1.0,1.8625,126.55000000000001,100.0,186.25
مواد-غذایی,لبنیات,ماست,1405-01,1.3333,2.0345,39,1.0,1.8411,133.32999999999998,100.0,184.10999999999999
مواد-غذایی,لبنیات,ماست,1405-02,1.4426,2.0376,39,1.0,1.9938,144.26000000000002,100.0,199.38
مواد-غذایی,لبنیات,ماست,1405-03,1.7401,2.2489,39,1.0719,2.2751,174.01,107.19000000000001,227.51000000000002
مواد-غذایی,لبنیات,ماست,1405-04,1.8736,2.268,39,1.1683,2.3089,187.35999999999999,116.82999999999998,230.89
مواد-غذایی,لبنیات,پنیر,1404-01,1.0,1.0,44,1.0,1.0,100.0,100.0,100.0
مواد-غذایی,لبنیات,پنیر,1404-02,1.0,1.0095,44,1.0,1.0,100.0,100.0,100.0
مواد-غذایی,لبنیات,پنیر,1404-03,1.0,1.6959,44,1.0,1.0745,100.0,100.0,107.45
مواد-غذایی,لبنیات,پنیر,1404-04,1.0,1.7199,44,1.0,1.1593,100.0,100.0,115.93
مواد-غذایی,لبنیات,پنیر,1404-05,1.042,1.801,44,1.0,1.1922,104.2,100.0,119.22
مواد-غذایی,لبنیات,پنیر,1404-06,1.0,1.407,44,1.0,1.2601,100.0,100.0,126.01
مواد-غذایی,لبنیات,پنیر,1404-07,1.0429,1.4443,44,1.0,1.2892,104.28999999999999,100.0,128.92
مواد-غذایی,لبنیات,پنیر,1404-08,1.1698,1.9832,44,1.0,1.3859,116.97999999999999,100.0,138.59
مواد-غذایی,لبنیات,پنیر,1404-09,1.2976,2.6966,44,1.0382,1.5374,129.76000000000002,103.82000000000001,153.74
مواد-غذایی,لبنیات,پنیر,1404-10,1.4301,2.545,44,1.1797,1.5277,143.01,117.97,152.77
مواد-غذایی,لبنیات,پنیر,1404-11,1.5561,4.3233,44,1.2775,1.8079,155.61,127.75000000000001,180.79000000000002
مواد-غذایی,لبنیات,پنیر,1404-12,1.6531,4.3751,44,1.2614,1.9019,165.31,126.14000000000001,190.19
مواد-غذایی,لبنیات,پنیر,1405-01,1.8674,4.6649,44,1.2879,2.1418,186.74,128.79,214.18
مواد-غذایی,لبنیات,پنیر,1405-02,1.9311,4.8974,44,1.551,2.3199,193.11,155.1,231.99
مواد-غذایی,لبنیات,پنیر,1405-03,2.1567,5.2564,44,1.7834,2.6452,215.67,178.34,264.52
مواد-غذایی,لبنیات,پنیر,1405-04,2.2309,5.2955,44,1.87,2.6935,223.09,187.0,269.34999999999997
مواد-غذایی,لبنیات,کره,1404-01,1.0,1.0,44,1.0,1.0,100.0,100.0,100.0
مواد-غذایی,لبنیات,کره,1404-02,1.0,1.0041,44,1.0,1.0,100.0,100.0,100.0
مواد-غذایی,لبنیات,کره,1404-03,1.0,2.6403,44,1.0,1.0,100.0,100.0,100.0
مواد-غذایی,لبنیات,کره,1404-04,1.0,2.339,44,1.0,1.0,100.0,100.0,100.0
مواد-غذایی,لبنیات,کره,1404-05,1.0,2.3463,44,1.0,1.0322,100.0,100.0,103.22
مواد-غذایی,لبنیات,کره,1404-06,1.0,2.3436,44,1.0,1.0322,100.0,100.0,103.22
مواد-غذایی,لبنیات,کره,1404-07,1.0,2.5195,44,1.0,1.0837,100.0,100.0,108.37
مواد-غذایی,لبنیات,کره,1404-08,1.0,2.7107,44,1.0,1.0921,100.0,100.0,109.21000000000001
مواد-غذایی,لبنیات,کره,1404-09,1.0154,2.7492,44,1.0,1.1998,101.54,100.0,119.98
مواد-غذایی,لبنیات,کره,1404-10,1.1906,6.3608,44,1.0,1.3863,119.06000000000002,100.0,138.63
مواد-غذایی,لبنیات,کره,1404-11,1.3406,6.6948,44,1.095,1.773,134.06,109.5,177.29999999999998
مواد-غذایی,لبنیات,کره,1404-12,1.4218,7.0325,44,1.1248,2.0153,142.18,112.48,201.52999999999997
مواد-غذایی,لبنیات,کره,1405-01,1.5141,10.0838,44,1.2242,2.5144,151.41,122.42,251.44000000000003
مواد-غذایی,لبنیات,کره,1405-02,1.6215,9.9823,44,1.395,3.0296,162.15,139.5,302.96
مواد-غذایی,لبنیات,کره,1405-03,1.7511,6.4215,44,1.4266,3.3078,175.11,142.66,330.78
مواد-غذایی,لبنیات,کره,1405-04,1.7511,6.4344,44,1.4266,3.3078,175.11,142.66,330.78
مواد-غذایی,نوشیدنی-ها,آب-معدنی-و-گازدار,1404-01,1.0,1.0,64,1.0,1.0,100.0,100.0,100.0
مواد-غذایی,نوشیدنی-ها,آب-معدنی-و-گازدار,1404-02,1.0,1.0194,64,1.0,1.0,100.0,100.0,100.0
مواد-غذایی,نوشیدنی-ها,آب-معدنی-و-گازدار,1404-03,1.0,1.0364,64,1.0,1.0,100.0,100.0,100.0
مواد-غذایی,نوشیدنی-ها,آب-معدنی-و-گازدار,1404-04,1.0,1.0701,64,1.0,1.062,100.0,100.0,106.2
مواد-غذایی,نوشیدنی-ها,آب-معدنی-و-گازدار,1404-05,1.0,1.0901,64,1.0,1.0803,100.0,100.0,108.03
مواد-غذایی,نوشیدنی-ها,آب-معدنی-و-گازدار,1404-06,1.0,1.0714,64,1.0,1.1036,100.0,100.0,110.35999999999999
مواد-غذایی,نوشیدنی-ها,آب-معدنی-و-گازدار,1404-07,1.0,1.0633,64,1.0,1.1036,100.0,100.0,110.35999999999999
مواد-غذایی,نوشیدنی-ها,آب-معدنی-و-گازدار,1404-08,1.0,1.0825,64,1.0,1.1575,100.0,100.0,115.75
مواد-غذایی,نوشیدنی-ها,آب-معدنی-و-گازدار,1404-09,1.0,1.5041,64,1.0,1.2983,100.0,100.0,129.83
مواد-غذایی,نوشیدنی-ها,آب-معدنی-و-گازدار,1404-10,1.0093,1.4766,64,1.0,1.3097,100.93,100.0,130.97
مواد-غذایی,نوشیدنی-ها,آب-معدنی-و-گازدار,1404-11,1.1549,1.9202,64,1.0,1.3906,115.49000000000001,100.0,139.06
مواد-غذایی,نوشیدنی-ها,آب-معدنی-و-گازدار,1404-12,1.1549,2.0612,64,1.0,1.5539,115.49000000000001,100.0,155.39000000000001
مواد-غذایی,نوشیدنی-ها,آب-معدنی-و-گازدار,1405-01,1.1549,2.2885,64,1.0,1.8937,115.49000000000001,100.0,189.37
مواد-غذایی,نوشیدنی-ها,آب-معدنی-و-گازدار,1405-02,1.4963,2.886,64,1.0731,2.5209,149.63,107.30999999999999,252.09
مواد-غذایی,نوشیدنی-ها,آب-معدنی-و-گازدار,1405-03,1.6833,3.3735,64,1.1755,2.7653,168.33,117.55,276.53
مواد-غذایی,نوشیدنی-ها,آب-معدنی-و-گازدار,1405-04,1.6458,3.5024,64,1.2085,2.7733,164.57999999999998,120.85,277.33
مواد-غذایی,نوشیدنی-ها,آبمیوه,1404-01,1.0,1.0,47,1.0,1.0,100.0,100.0,100.0
مواد-غذایی,نوشیدنی-ها,آبمیوه,1404-02,1.0198,1.0402,47,1.0,1.0646,101.98,100.0,106.46
مواد-غذایی,نوشیدنی-ها,آبمیوه,1404-03,1.0832,1.0833,47,1.0,1.1705,108.32,100.0,117.05000000000001
مواد-غذایی,نوشیدنی-ها,آبمیوه,1404-04,1.1103,1.102,47,1.0,1.2066,111.03,100.0,120.66
مواد-غذایی,نوشیدنی-ها,آبمیوه,1404-05,1.1103,1.1071,47,1.0,1.2444,111.03,100.0,124.44
مواد-غذایی,نوشیدنی-ها,آبمیوه,1404-06,1.1436,1.1373,47,1.0,1.2698,114.36,100.0,126.98
مواد-غذایی,نوشیدنی-ها,آبمیوه,1404-07,1.25,1.1944,47,1.0,1.337,125.0,100.0,133.7
مواد-غذایی,نوشیدنی-ها,آبمیوه,1404-08,1.286,1.2587,47,1.1222,1.3978,128.6,112.22000000000001,139.78
مواد-غذایی,نوشیدنی-ها,آبمیوه,1404-09,1.3553,1.2841,47,1.1496,1.463,135.53,114.96,146.3
مواد-غذایی,نوشیدنی-ها,آبمیوه,1404-10,1.3676,1.3558,47,1.2793,1.5291,136.76,127.93,152.91
مواد-غذایی,نوشیدنی-ها,آبمیوه,1404-11,1.4552,1.4471,47,1.2784,1.5718,145.52,127.84,157.18
مواد-غذایی,نوشیدنی-ها,آبمیوه,1404-12,1.5199,1.5239,47,1.4026,1.7321,151.99,140.26000000000002,173.21
مواد-غذایی,نوشیدنی-ها,آبمیوه,1405-01,1.6164,1.5681,47,1.4746,1.8285,161.64000000000001,147.45999999999998,182.85
مواد-غذایی,نوشیدنی-ها,آبمیوه,1405-02,1.8646,2.019,47,1.6627,2.2481,186.46,166.27,224.81
مواد-غذایی,نوشیدنی-ها,آبمیوه,1405-03,2.1349,2.3006,47,1.8344,2.5447,213.49,183.44,254.47000000000003
مواد-غذایی,نوشیدنی-ها,آبمیوه,1405-04,2.1349,2.315,47,1.8344,2.5885,213.49,183.44,258.84999999999997
مواد-غذایی,نوشیدنی-ها,قهوه,1404-01,1.0,1.0,70,1.0,1.0,100.0,100.0,100.0
مواد-غذایی,نوشیدنی-ها,قهوه,1404-02,1.0014,1.0301,70,1.0,1.0623,100.14,100.0,106.23
مواد-غذایی,نوشیدنی-ها,قهوه,1404-03,1.0346,1.0485,70,1.0,1.0827,103.46,100.0,108.27
مواد-غذایی,نوشیدنی-ها,قهوه,1404-04,1.0584,1.086,70,1.0,1.1324,105.84,100.0,113.24000000000001
مواد-غذایی,نوشیدنی-ها,قهوه,1404-05,1.07,1.1146,70,1.0,1.1439,107.0,100.0,114.38999999999999
مواد-غذایی,نوشیدنی-ها,قهوه,1404-06,1.1378,1.1688,70,1.0,1.2413,113.77999999999999,100.0,124.13000000000001
مواد-غذایی,نوشیدنی-ها,قهوه,1404-07,1.2296,1.2073,70,1.0191,1.3687,122.96000000000001,101.91,136.87
مواد-غذایی,نوشیدنی-ها,قهوه,1404-08,1.2891,1.2853,70,1.0588,1.4517,128.91,105.88,145.17
مواد-غذایی,نوشیدنی-ها,قهوه,1404-09,1.3614,1.7481,70,1.1903,1.5956,136.14,119.02999999999999,159.56
مواد-غذایی,نوشیدنی-ها,قهوه,1404-10,1.4466,1.8342,70,1.263,1.7266,144.66000000000003,126.29999999999998,172.66
مواد-غذایی,نوشیدنی-ها,قهوه,1404-11,1.5993,1.9762,70,1.3229,1.8793,159.93,132.29,187.93
مواد-غذایی,نوشیدنی-ها,قهوه,1404-12,1.6863,2.0611,70,1.3966,1.9717,168.63,139.66,197.17
مواد-غذایی,نوشیدنی-ها,قهوه,1405-01,1.8774,2.3968,70,1.5606,2.1869,187.74,156.06,218.69
مواد-غذایی,نوشیدنی-ها,قهوه,1405-02,2.3547,2.5054,70,1.7757,2.6289,235.46999999999997,177.57,262.89
مواد-غذایی,نوشیدنی-ها,قهوه,1405-03,2.5779,3.0443,70,2.0578,2.8738,257.79,205.77999999999997,287.38
مواد-غذایی,نوشیدنی-ها,قهوه,1405-04,2.6253,3.0678,70,2.0661,2.9139,262.53000000000003,206.61,291.39
مواد-غذایی,نوشیدنی-ها,ماء-الشعیر,1404-01,1.0,1.0,46,1.0,1.0,100.0,100.0,100.0
مواد-غذایی,نوشیدنی-ها,ماء-الشعیر,1404-02,1.0,1.038,46,1.0,1.0,100.0,100.0,100.0
مواد-غذایی,نوشیدنی-ها,ماء-الشعیر,1404-03,1.0,1.0947,46,1.0,1.12,100.0,100.0,112.00000000000001
مواد-غذایی,نوشیدنی-ها,ماء-الشعیر,1404-04,1.0,1.1007,46,1.0,1.1213,100.0,100.0,112.13
مواد-غذایی,نوشیدنی-ها,ماء-الشعیر,1404-05,1.0,1.0958,46,1.0,1.1974,100.0,100.0,119.74000000000001
مواد-غذایی,نوشیدنی-ها,ماء-الشعیر,1404-06,1.0152,1.0871,46,1.0,1.1974,101.52000000000001,100.0,119.74000000000001
مواد-غذایی,نوشیدنی-ها,ماء-الشعیر,1404-07,1.0471,1.1073,46,1.0,1.252,104.71,100.0,125.2
مواد-غذایی,نوشیدنی-ها,ماء-الشعیر,1404-08,1.0931,1.1499,46,1.0,1.369,109.31,100.0,136.9
مواد-غذایی,نوشیدنی-ها,ماء-الشعیر,1404-09,1.1384,1.1688,46,1.0,1.4031,113.84,100.0,140.31
مواد-غذایی,نوشیدنی-ها,ماء-الشعیر,1404-10,1.1653,1.1892,46,1.0,1.3938,116.53,100.0,139.38
مواد-غذایی,نوشیدنی-ها,ماء-الشعیر,1404-11,1.2811,1.2378,46,1.0,1.5283,128.10999999999999,100.0,152.83
مواد-غذایی,نوشیدنی-ها,ماء-الشعیر,1404-12,1.3832,1.3341,46,1.0,1.662,138.32,100.0,166.2
مواد-غذایی,نوشیدنی-ها,ماء-الشعیر,1405-01,1.4977,1.4493,46,1.0,1.782,149.77,100.0,178.2
مواد-غذایی,نوشیدنی-ها,ماء-الشعیر,1405-02,1.8979,1.7054,46,1.157,2.2233,189.79,115.7,222.33
مواد-غذایی,نوشیدنی-ها,ماء-الشعیر,1405-03,2.0375,1.9332,46,1.2865,2.4991,203.75,128.65,249.91
مواد-غذایی,نوشیدنی-ها,ماء-الشعیر,1405-04,2.0909,1.9719,46,1.3404,2.5262,209.09,134.04,252.61999999999998
مواد-غذایی,نوشیدنی-ها,نوشابه,1404-01,1.0,1.0,70,1.0,1.0,100.0,100.0,100.0
مواد-غذایی,نوشیدنی-ها,نوشابه,1404-02,1.0,1.0409,70,1.0,1.0574,100.0,100.0,105.74
مواد-غذایی,نوشیدنی-ها,نوشابه,1404-03,1.0283,1.0762,70,1.0,1.1241,102.83,100.0,112.41000000000001
مواد-غذایی,نوشیدنی-ها,نوشابه,1404-04,1.0777,1.2188,70,1.0,1.1987,107.77000000000001,100.0,119.87
مواد-غذایی,نوشیدنی-ها,نوشابه,1404-05,1.1184,1.4106,70,1.0,1.2445,111.84,100.0,124.44999999999999
مواد-غذایی,نوشیدنی-ها,نوشابه,1404-06,1.1158,1.4485,70,1.0047,1.2662,111.57999999999998,100.47,126.62
مواد-غذایی,نوشیدنی-ها,نوشابه,1404-07,1.1396,1.5686,70,1.0083,1.2842,113.96,100.83,128.42
مواد-غذایی,نوشیدنی-ها,نوشابه,1404-08,1.1293,1.5443,70,1.0,1.2785,112.92999999999999,100.0,127.85
مواد-غذایی,نوشیدنی-ها,نوشابه,1404-09,1.1719,1.5778,70,1.0,1.2888,117.19,100.0,128.88
مواد-غذایی,نوشیدنی-ها,نوشابه,1404-10,1.1987,1.6341,70,1.0098,1.359,119.87,100.98,135.9
مواد-غذایی,نوشیدنی-ها,نوشابه,1404-11,1.3221,1.7404,70,1.1592,1.5209,132.21,115.92,152.09
مواد-غذایی,نوشیدنی-ها,نوشابه,1404-12,1.4423,1.8092,70,1.1592,1.6294,144.23,115.92,162.94
مواد-غذایی,نوشیدنی-ها,نوشابه,1405-01,1.5446,1.9257,70,1.1863,1.7256,154.46,118.63,172.56
مواد-غذایی,نوشیدنی-ها,نوشابه,1405-02,1.7612,2.4859,70,1.285,2.033,176.12,128.5,203.29999999999998
مواد-غذایی,نوشیدنی-ها,نوشابه,1405-03,2.0706,3.1591,70,1.4575,2.4311,207.06000000000003,145.75,243.10999999999999
مواد-غذایی,نوشیدنی-ها,نوشابه,1405-04,2.0971,3.2254,70,1.4563,2.492,209.71,145.63,249.2
مواد-غذایی,نوشیدنی-ها,نوشیدنی-انرژی-زا,1404-01,1.0,1.0,24,1.0,1.0,100.0,100.0,100.0
مواد-غذایی,نوشیدنی-ها,نوشیدنی-انرژی-زا,1404-02,1.0118,1.0492,24,1.0,1.0782,101.18,100.0,107.82000000000001
مواد-غذایی,نوشیدنی-ها,نوشیدنی-انرژی-زا,1404-03,1.0819,1.0965,24,1.0,1.1748,108.19000000000001,100.0,117.48
مواد-غذایی,نوشیدنی-ها,نوشیدنی-انرژی-زا,1404-04,1.1336,1.1285,24,1.0404,1.1834,113.36,104.03999999999999,118.34
مواد-غذایی,نوشیدنی-ها,نوشیدنی-انرژی-زا,1404-05,1.075,1.1473,24,1.0358,1.244,107.5,103.58000000000001,124.4
مواد-غذایی,نوشیدنی-ها,نوشیدنی-انرژی-زا,1404-06,1.1797,1.1887,24,1.0799,1.29,117.97,107.99000000000001,129.0
مواد-غذایی,نوشیدنی-ها,نوشیدنی-انرژی-زا,1404-07,1.2473,1.2037,24,1.0231,1.3532,124.73,102.30999999999999,135.32
مواد-غذایی,نوشیدنی-ها,نوشیدنی-انرژی-زا,1404-08,1.2909,1.2526,24,1.0896,1.4238,129.09,108.96,142.38
مواد-غذایی,نوشیدنی-ها,نوشیدنی-انرژی-زا,1404-09,1.3042,1.265,24,1.1185,1.3889,130.42000000000002,111.85000000000001,138.89000000000001
مواد-غذایی,نوشیدنی-ها,نوشیدنی-انرژی-زا,1404-10,1.3944,1.3593,24,1.2099,1.4584,139.44,120.99,145.84
مواد-غذایی,نوشیدنی-ها,نوشیدنی-انرژی-زا,1404-11,1.5438,1.5416,24,1.3905,1.6864,154.38,139.05,168.64
مواد-غذایی,نوشیدنی-ها,نوشیدنی-انرژی-زا,1404-12,1.7036,1.6499,24,1.4505,1.878,170.36,145.04999999999998,187.79999999999998
مواد-غذایی,نوشیدنی-ها,نوشیدنی-انرژی-زا,1405-01,1.7756,1.7322,24,1.464,2.0145,177.56,146.4,201.45
مواد-غذایی,نوشیدنی-ها,نوشیدنی-انرژی-زا,1405-02,2.1401,2.2053,24,1.9655,2.4692,214.01,196.55,246.92
مواد-غذایی,نوشیدنی-ها,نوشیدنی-انرژی-زا,1405-03,2.28,2.5447,24,2.1161,2.9433,227.99999999999997,211.60999999999999,294.33
مواد-غذایی,نوشیدنی-ها,نوشیدنی-انرژی-زا,1405-04,2.3008,2.5562,24,2.1504,2.9433,230.08,215.04,294.33
مواد-غذایی,نوشیدنی-ها,چای,1404-01,1.0,1.0,71,1.0,1.0,100.0,100.0,100.0
مواد-غذایی,نوشیدنی-ها,چای,1404-02,1.0154,1.0326,71,1.0,1.0569,101.54,100.0,105.69
مواد-غذایی,نوشیدنی-ها,چای,1404-03,1.0355,1.0888,71,1.0,1.0949,103.55000000000001,100.0,109.49
مواد-غذایی,نوشیدنی-ها,چای,1404-04,1.0576,1.1008,71,1.0044,1.1793,105.76,100.44,117.93
مواد-غذایی,نوشیدنی-ها,چای,1404-05,1.0748,1.1362,71,1.0054,1.2247,107.48,100.54,122.46999999999998
مواد-غذایی,نوشیدنی-ها,چای,1404-06,1.1096,1.1658,71,1.0391,1.2709,110.96,103.91,127.08999999999999
مواد-غذایی,نوشیدنی-ها,چای,1404-07,1.1778,1.2048,71,1.0886,1.2855,117.78,108.86,128.55
مواد-غذایی,نوشیدنی-ها,چای,1404-08,1.2048,1.219,71,1.1087,1.2859,120.48,110.87,128.59
مواد-غذایی,نوشیدنی-ها,چای,1404-09,1.2248,1.2478,71,1.1249,1.3362,122.48000000000002,112.49,133.62
مواد-غذایی,نوشیدنی-ها,چای,1404-10,1.3217,1.3365,71,1.2287,1.4291,132.17000000000002,122.86999999999999,142.91
مواد-غذایی,نوشیدنی-ها,چای,1404-11,1.5298,1.5794,71,1.4239,1.658,152.98000000000002,142.39,165.79999999999998
مواد-غذایی,نوشیدنی-ها,چای,1404-12,1.6782,1.7092,71,1.5914,1.7961,167.82,159.14,179.61
مواد-غذایی,نوشیدنی-ها,چای,1405-01,1.8374,1.8342,71,1.6846,1.9801,183.73999999999998,168.46,198.01
مواد-غذایی,نوشیدنی-ها,چای,1405-02,2.1117,2.0878,71,1.8569,2.3538,211.17,185.69,235.38000000000002
مواد-غذایی,نوشیدنی-ها,چای,1405-03,2.2496,2.2485,71,2.0811,2.4749,224.96,208.11,247.48999999999998
مواد-غذایی,نوشیدنی-ها,چای,1405-04,2.3115,2.2744,71,2.1248,2.553,231.15,212.48,255.29999999999998
مواد-غذایی,پروتئینی,تخم-مرغ,1404-01,1.0,1.0,32,1.0,1.0,100.0,100.0,100.0
مواد-غذایی,پروتئینی,تخم-مرغ,1404-02,1.0,0.9459,32,0.9798,1.0,100.0,97.98,100.0
مواد-غذایی,پروتئینی,تخم-مرغ,1404-03,1.0,1.1156,32,1.0,1.2309,100.0,100.0,123.09
مواد-غذایی,پروتئینی,تخم-مرغ,1404-04,1.0,1.1356,32,1.0,1.1338,100.0,100.0,113.38
مواد-غذایی,پروتئینی,تخم-مرغ,1404-05,1.0047,1.53,32,1.0,1.2173,100.47,100.0,121.73
مواد-غذایی,پروتئینی,تخم-مرغ,1404-06,1.0094,1.1967,32,1.0,1.3372,100.94000000000001,100.0,133.72
مواد-غذایی,پروتئینی,تخم-مرغ,1404-07,1.0151,1.765,32,1.0,1.3925,101.50999999999999,100.0,139.25
مواد-غذایی,پروتئینی,تخم-مرغ,1404-08,1.0517,1.3008,32,1.0,1.4134,105.17,100.0,141.34
مواد-غذایی,پروتئینی,تخم-مرغ,1404-09,1.1091,1.3885,32,1.0,1.6431,110.91,100.0,164.31
مواد-غذایی,پروتئینی,تخم-مرغ,1404-10,1.2646,1.876,32,1.0,2.0188,126.46,100.0,201.88000000000002
مواد-غذایی,پروتئینی,تخم-مرغ,1404-11,1.3034,2.3496,32,1.0,2.3963,130.33999999999997,100.0,239.63
مواد-غذایی,پروتئینی,تخم-مرغ,1404-12,1.2926,2.325,32,1.0,2.1856,129.26,100.0,218.56
مواد-غذایی,پروتئینی,تخم-مرغ,1405-01,1.6643,3.016,32,1.0,2.942,166.42999999999998,100.0,294.20000000000005
مواد-غذایی,پروتئینی,تخم-مرغ,1405-02,2.4306,3.8871,32,1.0,3.8905,243.06,100.0,389.05
مواد-غذایی,پروتئینی,تخم-مرغ,1405-03,3.1177,3.9492,32,1.0,3.4855,311.77000000000004,100.0,348.55
مواد-غذایی,پروتئینی,تخم-مرغ,1405-04,3.0622,4.9458,32,1.0,3.4322,306.21999999999997,100.0,343.21999999999997
مواد-غذایی,پروتئینی,ماهی,1404-01,1.0,1.0,45,1.0,1.0,100.0,100.0,100.0
مواد-غذایی,پروتئینی,ماهی,1404-02,1.0,24.9685,45,1.0,1.0,100.0,100.0,100.0
مواد-غذایی,پروتئینی,ماهی,1404-03,1.0,24.9436,45,1.0,1.0,100.0,100.0,100.0
مواد-غذایی,پروتئینی,ماهی,1404-04,1.0,24.9682,45,1.0,1.0,100.0,100.0,100.0
مواد-غذایی,پروتئینی,ماهی,1404-05,1.0,24.9957,45,1.0,1.0474,100.0,100.0,104.74000000000001
مواد-غذایی,پروتئینی,ماهی,1404-06,1.0,25.0372,45,1.0,1.1362,100.0,100.0,113.62
مواد-غذایی,پروتئینی,ماهی,1404-07,1.0,25.0704,45,1.0,1.2245,100.0,100.0,122.44999999999999
مواد-غذایی,پروتئینی,ماهی,1404-08,1.0,40.1198,45,1.0,1.2245,100.0,100.0,122.44999999999999
مواد-غذایی,پروتئینی,ماهی,1404-09,1.1359,40.1711,45,1.0,1.3944,113.58999999999999,100.0,139.44
مواد-غذایی,پروتئینی,ماهی,1404-10,1.1429,40.235,45,1.0,1.4702,114.29,100.0,147.01999999999998
مواد-غذایی,پروتئینی,ماهی,1404-11,1.2805,44.2524,45,1.0,1.6848,128.05,100.0,168.48000000000002
مواد-غذایی,پروتئینی,ماهی,1404-12,1.3929,44.3058,45,1.0,1.7943,139.29,100.0,179.43
مواد-غذایی,پروتئینی,ماهی,1405-01,1.5469,45.6245,45,1.0385,2.0328,154.69,103.85,203.28
مواد-غذایی,پروتئینی,ماهی,1405-02,1.6359,45.8184,45,1.2,2.2745,163.59,120.0,227.45000000000002
مواد-غذایی,پروتئینی,ماهی,1405-03,1.7926,45.8603,45,1.2,2.1717,179.26,120.0,217.17
مواد-غذایی,پروتئینی,ماهی,1405-04,1.7926,45.8815,45,1.2,2.2638,179.26,120.0,226.38
مواد-غذایی,پروتئینی,گوشت-مرغ,1404-01,1.0,1.0,43,1.0,1.0,100.0,100.0,100.0
مواد-غذایی,پروتئینی,گوشت-مرغ,1404-02,1.0,0.9962,43,1.0,1.0,100.0,100.0,100.0
مواد-غذایی,پروتئینی,گوشت-مرغ,1404-03,1.0,1.0065,43,1.0,1.0,100.0,100.0,100.0
مواد-غذایی,پروتئینی,گوشت-مرغ,1404-04,1.0,1.0144,43,1.0,1.0,100.0,100.0,100.0
مواد-غذایی,پروتئینی,گوشت-مرغ,1404-05,1.0,1.0225,43,1.0,1.0,100.0,100.0,100.0
مواد-غذایی,پروتئینی,گوشت-مرغ,1404-06,1.0,1.0356,43,1.0,1.0,100.0,100.0,100.0
مواد-غذایی,پروتئینی,گوشت-مرغ,1404-07,1.0,1.0762,43,1.0,1.0268,100.0,100.0,102.67999999999999
مواد-غذایی,پروتئینی,گوشت-مرغ,1404-08,1.0,1.1012,43,1.0,1.2335,100.0,100.0,123.35000000000001
مواد-غذایی,پروتئینی,گوشت-مرغ,1404-09,1.0,1.1192,43,1.0,1.2451,100.0,100.0,124.51
مواد-غذایی,پروتئینی,گوشت-مرغ,1404-10,1.0614,1.199,43,1.0,1.3649,106.13999999999999,100.0,136.49
مواد-غذایی,پروتئینی,گوشت-مرغ,1404-11,1.25,1.4459,43,1.0,1.7453,125.0,100.0,174.53
مواد-غذایی,پروتئینی,گوشت-مرغ,1404-12,1.4205,1.5851,43,1.0,1.9314,142.05,100.0,193.14
مواد-غذایی,پروتئینی,گوشت-مرغ,1405-01,1.4526,1.6951,43,1.0,1.9812,145.26,100.0,198.12
مواد-غذایی,پروتئینی,گوشت-مرغ,1405-02,1.7482,1.944,43,1.3614,2.4277,174.82,136.14,242.77
مواد-غذایی,پروتئینی,گوشت-مرغ,1405-03,2.0616,2.1499,43,1.4767,2.8046,206.16,147.67,280.46000000000004
مواد-غذایی,پروتئینی,گوشت-مرغ,1405-04,2.1358,2.1875,43,1.5106,2.8046,213.58,151.06,280.46000000000004
مواد-غذایی,پروتئینی,گوشت-گاو-و-گوساله,1404-01,1.0,1.0,23,1.0,1.0,100.0,100.0,100.0
مواد-غذایی,پروتئینی,گوشت-گاو-و-گوساله,1404-02,1.0,0.9947,23,1.0,1.0,100.0,100.0,100.0
مواد-غذایی,پروتئینی,گوشت-گاو-و-گوساله,1404-03,1.0,0.9986,23,1.0,1.0,100.0,100.0,100.0
مواد-غذایی,پروتئینی,گوشت-گاو-و-گوساله,1404-04,1.0,1.0016,23,1.0,1.0,100.0,100.0,100.0
مواد-غذایی,پروتئینی,گوشت-گاو-و-گوساله,1404-05,1.0,1.0452,23,1.0,1.0,100.0,100.0,100.0
مواد-غذایی,پروتئینی,گوشت-گاو-و-گوساله,1404-06,1.0,1.0903,23,1.0,1.0,100.0,100.0,100.0
مواد-غذایی,پروتئینی,گوشت-گاو-و-گوساله,1404-07,1.0,1.1152,23,1.0,1.0352,100.0,100.0,103.52
مواد-غذایی,پروتئینی,گوشت-گاو-و-گوساله,1404-08,1.0,1.1475,23,1.0,1.092,100.0,100.0,109.2
مواد-غذایی,پروتئینی,گوشت-گاو-و-گوساله,1404-09,1.0,1.299,23,1.0,1.372,100.0,100.0,137.20000000000002
مواد-غذایی,پروتئینی,گوشت-گاو-و-گوساله,1404-10,1.152,1.4047,23,1.0,1.5107,115.19999999999999,100.0,151.07
مواد-غذایی,پروتئینی,گوشت-گاو-و-گوساله,1404-11,1.2615,1.7129,23,1.0606,1.7342,126.15,106.06,173.42
مواد-غذایی,پروتئینی,گوشت-گاو-و-گوساله,1404-12,1.2615,1.6909,23,1.0,1.5098,126.15,100.0,150.98
مواد-غذایی,پروتئینی,گوشت-گاو-و-گوساله,1405-01,1.3538,1.7276,23,1.0333,1.7572,135.38,103.33000000000001,175.72
مواد-غذایی,پروتئینی,گوشت-گاو-و-گوساله,1405-02,1.6213,1.9006,23,1.1851,2.1577,162.13,118.51,215.77
مواد-غذایی,پروتئینی,گوشت-گاو-و-گوساله,1405-03,1.6378,1.9131,23,1.2324,2.2197,163.78,123.24,221.97
مواد-غذایی,پروتئینی,گوشت-گاو-و-گوساله,1405-04,1.6378,1.9263,23,1.3193,2.2154,163.78,131.92999999999998,221.54
مواد-غذایی,پروتئینی,گوشت-گوسفندی,1404-01,1.0,1.0,20,1.0,1.0,100.0,100.0,100.0
مواد-غذایی,پروتئینی,گوشت-گوسفندی,1404-02,1.0,0.999,20,1.0,1.0,100.0,100.0,100.0
مواد-غذایی,پروتئینی,گوشت-گوسفندی,1404-03,1.0,1.0074,20,1.0,1.0,100.0,100.0,100.0
مواد-غذایی,پروتئینی,گوشت-گوسفندی,1404-04,1.0,1.0603,20,1.0,1.0,100.0,100.0,100.0
مواد-غذایی,پروتئینی,گوشت-گوسفندی,1404-05,1.0,1.068,20,1.0,1.0,100.0,100.0,100.0
مواد-غذایی,پروتئینی,گوشت-گوسفندی,1404-06,1.0,1.1164,20,1.0,1.0228,100.0,100.0,102.27999999999999
مواد-غذایی,پروتئینی,گوشت-گوسفندی,1404-07,1.0,1.1278,20,1.0,1.0649,100.0,100.0,106.49
مواد-غذایی,پروتئینی,گوشت-گوسفندی,1404-08,1.0,1.0845,20,1.0,1.1153,100.0,100.0,111.53
مواد-غذایی,پروتئینی,گوشت-گوسفندی,1404-09,1.0,1.1061,20,1.0,1.1431,100.0,100.0,114.31
مواد-غذایی,پروتئینی,گوشت-گوسفندی,1404-10,1.0,1.1661,20,1.0,1.2562,100.0,100.0,125.62
مواد-غذایی,پروتئینی,گوشت-گوسفندی,1404-11,1.3173,1.3337,20,1.0,1.4665,131.73,100.0,146.64999999999998
مواد-غذایی,پروتئینی,گوشت-گوسفندی,1404-12,1.2838,1.3823,20,1.0,1.6565,128.38,100.0,165.65
مواد-غذایی,پروتئینی,گوشت-گوسفندی,1405-01,1.2838,2.0127,20,1.0,1.729,128.38,100.0,172.9
مواد-غذایی,پروتئینی,گوشت-گوسفندی,1405-02,1.5223,2.158,20,1.1727,1.8761,152.23,117.27000000000001,187.61
مواد-غذایی,پروتئینی,گوشت-گوسفندی,1405-03,1.7837,2.3237,20,1.1843,2.1029,178.37,118.42999999999999,210.29
مواد-غذایی,پروتئینی,گوشت-گوسفندی,1405-04,1.7837,2.3288,20,1.1993,2.1065,178.37,119.93,210.65
مواد-غذایی,کالاهای-خام-و-اساسی,برنج,1404-01,1.0,1.0,61,1.0,1.0,100.0,100.0,100.0
مواد-غذایی,کالاهای-خام-و-اساسی,برنج,1404-02,1.0,0.9982,61,1.0,1.0,100.0,100.0,100.0
مواد-غذایی,کالاهای-خام-و-اساسی,برنج,1404-03,1.0,1.009,61,1.0,1.0,100.0,100.0,100.0
مواد-غذایی,کالاهای-خام-و-اساسی,برنج,1404-04,1.0,1.0255,61,1.0,1.0,100.0,100.0,100.0
مواد-غذایی,کالاهای-خام-و-اساسی,برنج,1404-05,1.0,1.1673,61,1.0,1.0,100.0,100.0,100.0
مواد-غذایی,کالاهای-خام-و-اساسی,برنج,1404-06,1.0,1.312,61,1.0,1.0,100.0,100.0,100.0
مواد-غذایی,کالاهای-خام-و-اساسی,برنج,1404-07,1.0,1.3898,61,1.0,1.0,100.0,100.0,100.0
مواد-غذایی,کالاهای-خام-و-اساسی,برنج,1404-08,1.0,1.4648,61,1.0,1.0185,100.0,100.0,101.85
مواد-غذایی,کالاهای-خام-و-اساسی,برنج,1404-09,1.0,1.5769,61,1.0,1.0546,100.0,100.0,105.46
مواد-غذایی,کالاهای-خام-و-اساسی,برنج,1404-10,1.0,1.5189,61,1.0,1.2672,100.0,100.0,126.72000000000001
مواد-غذایی,کالاهای-خام-و-اساسی,برنج,1404-11,1.0,1.5877,61,1.0,1.5377,100.0,100.0,153.77
مواد-غذایی,کالاهای-خام-و-اساسی,برنج,1404-12,1.0,1.6274,61,1.0,1.6069,100.0,100.0,160.69
مواد-غذایی,کالاهای-خام-و-اساسی,برنج,1405-01,1.0589,1.7572,61,1.0,1.8286,105.89,100.0,182.86
مواد-غذایی,کالاهای-خام-و-اساسی,برنج,1405-02,1.2918,2.4109,61,1.0,2.1902,129.18,100.0,219.01999999999998
مواد-غذایی,کالاهای-خام-و-اساسی,برنج,1405-03,1.3477,2.6065,61,1.0185,2.2813,134.76999999999998,101.85,228.13
مواد-غذایی,کالاهای-خام-و-اساسی,برنج,1405-04,1.3616,2.5985,61,1.019,2.2751,136.16,101.89999999999999,227.51000000000002
مواد-غذایی,کالاهای-خام-و-اساسی,حبوبات,1404-01,1.0,1.0,41,1.0,1.0,100.0,100.0,100.0
مواد-غذایی,کالاهای-خام-و-اساسی,حبوبات,1404-02,1.0,1.0127,41,1.0,1.0,100.0,100.0,100.0
مواد-غذایی,کالاهای-خام-و-اساسی,حبوبات,1404-03,1.0,1.0229,41,1.0,1.0034,100.0,100.0,100.34
مواد-غذایی,کالاهای-خام-و-اساسی,حبوبات,1404-04,1.0,1.0524,41,1.0,1.0401,100.0,100.0,104.01
مواد-غذایی,کالاهای-خام-و-اساسی,حبوبات,1404-05,1.0,1.0885,41,1.0,1.1045,100.0,100.0,110.45
مواد-غذایی,کالاهای-خام-و-اساسی,حبوبات,1404-06,1.0,1.0979,41,1.0,1.1773,100.0,100.0,117.73
مواد-غذایی,کالاهای-خام-و-اساسی,حبوبات,1404-07,1.0072,1.2273,41,1.0,1.251,100.72000000000001,100.0,125.1
مواد-غذایی,کالاهای-خام-و-اساسی,حبوبات,1404-08,1.0269,1.2769,41,1.0,1.3953,102.69,100.0,139.53
مواد-غذایی,کالاهای-خام-و-اساسی,حبوبات,1404-09,1.1345,1.3253,41,1.0,1.418,113.45,100.0,141.79999999999998
مواد-غذایی,کالاهای-خام-و-اساسی,حبوبات,1404-10,1.2364,9.5873,41,1.0,1.4919,123.64,100.0,149.19
مواد-غذایی,کالاهای-خام-و-اساسی,حبوبات,1404-11,1.3236,1.5218,41,1.0,1.6234,132.36,100.0,162.34
مواد-غذایی,کالاهای-خام-و-اساسی,حبوبات,1404-12,1.4919,1.7779,41,1.0,1.8562,149.19,100.0,185.62
مواد-غذایی,کالاهای-خام-و-اساسی,حبوبات,1405-01,1.4919,1.6623,41,1.0926,1.8545,149.19,109.26,185.45000000000002
مواد-غذایی,کالاهای-خام-و-اساسی,حبوبات,1405-02,1.8358,2.1626,41,1.2778,2.6736,183.58,127.78,267.36
مواد-غذایی,کالاهای-خام-و-اساسی,حبوبات,1405-03,1.8358,2.6947,41,1.4129,3.2397,183.58,141.29,323.97
مواد-غذایی,کالاهای-خام-و-اساسی,حبوبات,1405-04,1.8392,2.7974,41,1.6043,3.2593,183.92,160.43,325.93
مواد-غذایی,کالاهای-خام-و-اساسی,روغن-خوراکی,1404-01,1.0,1.0,70,1.0,1.0,100.0,100.0,100.0
مواد-غذایی,کالاهای-خام-و-اساسی,روغن-خوراکی,1404-02,1.0,1.0199,70,1.0,1.0399,100.0,100.0,103.99000000000001
مواد-غذایی,کالاهای-خام-و-اساسی,روغن-خوراکی,1404-03,1.0011,1.0434,70,1.0,1.0599,100.11000000000001,100.0,105.99000000000001
مواد-غذایی,کالاهای-خام-و-اساسی,روغن-خوراکی,1404-04,1.0137,1.0662,70,1.0,1.0981,101.37,100.0,109.81
مواد-غذایی,کالاهای-خام-و-اساسی,روغن-خوراکی,1404-05,1.035,1.0814,70,1.0,1.1352,103.49999999999999,100.0,113.52
مواد-غذایی,کالاهای-خام-و-اساسی,روغن-خوراکی,1404-06,1.0846,1.0974,70,1.0,1.1554,108.46000000000001,100.0,115.53999999999999
مواد-غذایی,کالاهای-خام-و-اساسی,روغن-خوراکی,1404-07,1.1305,1.1369,70,1.0006,1.2086,113.05000000000001,100.05999999999999,120.85999999999999
مواد-غذایی,کالاهای-خام-و-اساسی,روغن-خوراکی,1404-08,1.1477,1.1552,70,1.0104,1.2489,114.77,101.03999999999999,124.88999999999999
مواد-غذایی,کالاهای-خام-و-اساسی,روغن-خوراکی,1404-09,1.1826,1.1828,70,1.044,1.2752,118.26,104.4,127.51999999999998
مواد-غذایی,کالاهای-خام-و-اساسی,روغن-خوراکی,1404-10,1.3884,1.4575,70,1.2488,1.5137,138.84,124.88,151.37
مواد-غذایی,کالاهای-خام-و-اساسی,روغن-خوراکی,1404-11,1.6342,2.1834,70,1.4407,1.9359,163.42000000000002,144.07000000000002,193.59
مواد-غذایی,کالاهای-خام-و-اساسی,روغن-خوراکی,1404-12,1.7414,2.1751,70,1.5114,2.0123,174.14000000000001,151.14000000000001,201.23000000000002
مواد-غذایی,کالاهای-خام-و-اساسی,روغن-خوراکی,1405-01,1.8408,2.2389,70,1.6133,2.2926,184.08,161.32999999999998,229.26000000000002
مواد-غذایی,کالاهای-خام-و-اساسی,روغن-خوراکی,1405-02,1.9912,2.3733,70,1.7564,2.5258,199.12,175.64,252.57999999999998
مواد-غذایی,کالاهای-خام-و-اساسی,روغن-خوراکی,1405-03,2.0832,2.4661,70,1.8824,2.5495,208.32000000000002,188.24,254.95000000000002
مواد-غذایی,کالاهای-خام-و-اساسی,روغن-خوراکی,1405-04,2.0885,2.4567,70,1.8824,2.5626,208.84999999999997,188.24,256.26000000000005
مواد-غذایی,کالاهای-خام-و-اساسی,قند-و-شکر,1404-01,1.0,1.0,45,1.0,1.0,100.0,100.0,100.0
مواد-غذایی,کالاهای-خام-و-اساسی,قند-و-شکر,1404-02,1.0,1.0476,45,1.0,1.0519,100.0,100.0,105.19000000000001
مواد-غذایی,کالاهای-خام-و-اساسی,قند-و-شکر,1404-03,1.0,1.0549,45,1.0,1.0786,100.0,100.0,107.86
مواد-غذایی,کالاهای-خام-و-اساسی,قند-و-شکر,1404-04,1.0,1.0629,45,1.0,1.0903,100.0,100.0,109.03
مواد-غذایی,کالاهای-خام-و-اساسی,قند-و-شکر,1404-05,1.0257,1.0754,45,1.0,1.1013,102.57000000000001,100.0,110.13
مواد-غذایی,کالاهای-خام-و-اساسی,قند-و-شکر,1404-06,1.0138,1.0847,45,1.0,1.1013,101.38000000000001,100.0,110.13
مواد-غذایی,کالاهای-خام-و-اساسی,قند-و-شکر,1404-07,1.0539,1.1163,45,1.0,1.1681,105.39,100.0,116.80999999999999
مواد-غذایی,کالاهای-خام-و-اساسی,قند-و-شکر,1404-08,1.0574,1.1345,45,1.0,1.2258,105.74,100.0,122.58
مواد-غذایی,کالاهای-خام-و-اساسی,قند-و-شکر,1404-09,1.0648,1.2775,45,1.0,1.3118,106.47999999999999,100.0,131.18
مواد-غذایی,کالاهای-خام-و-اساسی,قند-و-شکر,1404-10,1.2079,1.3986,45,1.0,1.4888,120.78999999999999,100.0,148.88
مواد-غذایی,کالاهای-خام-و-اساسی,قند-و-شکر,1404-11,1.4589,1.5313,45,1.1111,1.6249,145.89000000000001,111.11,162.49
مواد-غذایی,کالاهای-خام-و-اساسی,قند-و-شکر,1404-12,1.5395,1.6622,45,1.2532,1.8669,153.95000000000002,125.32000000000001,186.69
مواد-غذایی,کالاهای-خام-و-اساسی,قند-و-شکر,1405-01,1.6808,1.8006,45,1.1712,2.0014,168.08,117.12,200.14
مواد-غذایی,کالاهای-خام-و-اساسی,قند-و-شکر,1405-02,1.9808,2.1217,45,1.5683,2.1724,198.07999999999998,156.83,217.24
مواد-غذایی,کالاهای-خام-و-اساسی,قند-و-شکر,1405-03,2.0255,2.2079,45,1.6774,2.231,202.55,167.74,223.1
مواد-غذایی,کالاهای-خام-و-اساسی,قند-و-شکر,1405-04,2.0255,2.2433,45,1.75,2.2585,202.55,175.0,225.85000000000002
مواد-غذایی,کنسرو-و-غذای-آماده,نودل,1404-01,1.0,1.0,66,1.0,1.0,100.0,100.0,100.0
مواد-غذایی,کنسرو-و-غذای-آماده,نودل,1404-02,1.0,1.1168,66,1.0,1.0,100.0,100.0,100.0
مواد-غذایی,کنسرو-و-غذای-آماده,نودل,1404-03,1.0,1.0826,66,1.0,1.0,100.0,100.0,100.0
مواد-غذایی,کنسرو-و-غذای-آماده,نودل,1404-04,1.0,1.0483,66,1.0,1.0481,100.0,100.0,104.81
مواد-غذایی,کنسرو-و-غذای-آماده,نودل,1404-05,1.0,1.065,66,1.0,1.0891,100.0,100.0,108.91
مواد-غذایی,کنسرو-و-غذای-آماده,نودل,1404-06,1.0,1.0819,66,1.0,1.1226,100.0,100.0,112.26
مواد-غذایی,کنسرو-و-غذای-آماده,نودل,1404-07,1.0156,1.1144,66,1.0,1.1815,101.56,100.0,118.15
مواد-غذایی,کنسرو-و-غذای-آماده,نودل,1404-08,1.1081,1.1406,66,1.0,1.2333,110.81,100.0,123.33000000000001
مواد-غذایی,کنسرو-و-غذای-آماده,نودل,1404-09,1.0677,1.1908,66,1.0,1.2612,106.77000000000001,100.0,126.12
مواد-غذایی,کنسرو-و-غذای-آماده,نودل,1404-10,1.1336,1.2294,66,1.0,1.2867,113.36,100.0,128.67
مواد-غذایی,کنسرو-و-غذای-آماده,نودل,1404-11,1.2666,1.3393,66,1.0189,1.4352,126.66,101.88999999999999,143.52
مواد-غذایی,کنسرو-و-غذای-آماده,نودل,1404-12,1.3362,1.4223,66,1.0678,1.5752,133.62,106.78,157.51999999999998
مواد-غذایی,کنسرو-و-غذای-آماده,نودل,1405-01,1.5063,1.5859,66,1.1565,1.7073,150.63,115.65,170.73000000000002
مواد-غذایی,کنسرو-و-غذای-آماده,نودل,1405-02,1.5998,1.7581,66,1.3351,1.9459,159.98000000000002,133.51,194.59
مواد-غذایی,کنسرو-و-غذای-آماده,نودل,1405-03,1.7823,1.8782,66,1.4043,2.0907,178.23,140.43,209.07
مواد-غذایی,کنسرو-و-غذای-آماده,نودل,1405-04,1.8038,1.8847,66,1.4106,2.0717,180.38,141.06,207.17
مواد-غذایی,کنسرو-و-غذای-آماده,کنسرویجات,1404-01,1.0,1.0,66,1.0,1.0,100.0,100.0,100.0
مواد-غذایی,کنسرو-و-غذای-آماده,کنسرویجات,1404-02,1.0,1.0141,66,1.0,1.0,100.0,100.0,100.0
مواد-غذایی,کنسرو-و-غذای-آماده,کنسرویجات,1404-03,1.0,1.027,66,1.0,1.0,100.0,100.0,100.0
مواد-غذایی,کنسرو-و-غذای-آماده,کنسرویجات,1404-04,1.0,1.0627,66,1.0,1.0618,100.0,100.0,106.18
مواد-غذایی,کنسرو-و-غذای-آماده,کنسرویجات,1404-05,1.0,1.0689,66,1.0,1.08,100.0,100.0,108.0
مواد-غذایی,کنسرو-و-غذای-آماده,کنسرویجات,1404-06,1.0,1.0643,66,1.0,1.1112,100.0,100.0,111.11999999999999
مواد-غذایی,کنسرو-و-غذای-آماده,کنسرویجات,1404-07,1.0265,1.1069,66,1.0,1.1909,102.64999999999999,100.0,119.09
مواد-غذایی,کنسرو-و-غذای-آماده,کنسرویجات,1404-08,1.0539,1.1051,66,1.0,1.2129,105.39,100.0,121.29
مواد-غذایی,کنسرو-و-غذای-آماده,کنسرویجات,1404-09,1.0539,1.3086,66,1.0,1.2542,105.39,100.0,125.42
مواد-غذایی,کنسرو-و-غذای-آماده,کنسرویجات,1404-10,1.1061,1.3584,66,1.0,1.368,110.61000000000001,100.0,136.8
مواد-غذایی,کنسرو-و-غذای-آماده,کنسرویجات,1404-11,1.2564,1.4335,66,1.0,1.6363,125.64,100.0,163.63
مواد-غذایی,کنسرو-و-غذای-آماده,کنسرویجات,1404-12,1.4062,1.5026,66,1.0,1.7863,140.61999999999998,100.0,178.63
مواد-غذایی,کنسرو-و-غذای-آماده,کنسرویجات,1405-01,1.5462,1.5483,66,1.0864,1.8736,154.62,108.64,187.35999999999999
مواد-غذایی,کنسرو-و-غذای-آماده,کنسرویجات,1405-02,1.6651,1.6615,66,1.1208,2.06,166.51,112.08,206.0
مواد-غذایی,کنسرو-و-غذای-آماده,کنسرویجات,1405-03,1.8211,1.8252,66,1.3026,2.1873,182.10999999999999,130.26,218.73
مواد-غذایی,کنسرو-و-غذای-آماده,کنسرویجات,1405-04,1.8646,1.8397,66,1.3026,2.2259,186.46,130.26,222.59000000000003
موبایل-و-کالای-دیجیتال,هدفون-هدست-و-هندزفری,__no_l3__,1404-01,1.0,1.0,22,1.0,1.0,100.0,100.0,100.0
موبایل-و-کالای-دیجیتال,هدفون-هدست-و-هندزفری,__no_l3__,1404-02,1.0,1.0426,22,0.9935,1.014,100.0,99.35000000000001,101.4
موبایل-و-کالای-دیجیتال,هدفون-هدست-و-هندزفری,__no_l3__,1404-03,1.0,0.9922,22,0.9498,1.018,100.0,94.98,101.8
موبایل-و-کالای-دیجیتال,هدفون-هدست-و-هندزفری,__no_l3__,1404-04,0.9988,1.0021,22,0.9208,1.0574,99.88,92.08,105.74
موبایل-و-کالای-دیجیتال,هدفون-هدست-و-هندزفری,__no_l3__,1404-05,0.9943,0.9867,22,0.8812,1.0778,99.42999999999999,88.12,107.78000000000002
موبایل-و-کالای-دیجیتال,هدفون-هدست-و-هندزفری,__no_l3__,1404-06,1.0,1.0186,22,0.8966,1.1079,100.0,89.66,110.79
موبایل-و-کالای-دیجیتال,هدفون-هدست-و-هندزفری,__no_l3__,1404-07,1.0509,1.0945,22,0.9478,1.1576,105.08999999999999,94.78,115.75999999999999
موبایل-و-کالای-دیجیتال,هدفون-هدست-و-هندزفری,__no_l3__,1404-08,1.0525,1.1001,22,0.9421,1.2022,105.25,94.21000000000001,120.22
موبایل-و-کالای-دیجیتال,هدفون-هدست-و-هندزفری,__no_l3__,1404-09,1.1032,1.1323,22,1.0,1.2783,110.32,100.0,127.83
موبایل-و-کالای-دیجیتال,هدفون-هدست-و-هندزفری,__no_l3__,1404-10,1.2439,1.2702,22,1.0582,1.3432,124.39,105.82000000000001,134.32
موبایل-و-کالای-دیجیتال,هدفون-هدست-و-هندزفری,__no_l3__,1404-11,1.3661,1.4177,22,1.1566,1.4476,136.61,115.66000000000001,144.76
موبایل-و-کالای-دیجیتال,هدفون-هدست-و-هندزفری,__no_l3__,1404-12,1.5035,1.5283,22,1.2305,1.6011,150.35,123.05,160.10999999999999
موبایل-و-کالای-دیجیتال,هدفون-هدست-و-هندزفری,__no_l3__,1405-01,1.6147,1.654,22,1.3311,1.7653,161.47,133.10999999999999,176.53
موبایل-و-کالای-دیجیتال,هدفون-هدست-و-هندزفری,__no_l3__,1405-02,1.7727,1.8786,22,1.4054,2.0507,177.26999999999998,140.54,205.07
موبایل-و-کالای-دیجیتال,هدفون-هدست-و-هندزفری,__no_l3__,1405-03,1.8466,1.9741,22,1.3548,2.1053,184.66,135.48,210.53000000000003
موبایل-و-کالای-دیجیتال,هدفون-هدست-و-هندزفری,__no_l3__,1405-04,1.7982,1.9611,22,1.3406,2.0542,179.82,134.06,205.42
موبایل-و-کالای-دیجیتال,گوشی-موبایل,__no_l3__,1404-01,1.0,1.0,25,1.0,1.0,100.0,100.0,100.0
موبایل-و-کالای-دیجیتال,گوشی-موبایل,__no_l3__,1404-02,1.0,0.9707,25,0.9358,1.0,100.0,93.58,100.0
موبایل-و-کالای-دیجیتال,گوشی-موبایل,__no_l3__,1404-03,1.0,0.9568,25,0.9048,1.0,100.0,90.48,100.0
موبایل-و-کالای-دیجیتال,گوشی-موبایل,__no_l3__,1404-04,1.0,0.9628,25,0.9062,1.0,100.0,90.62,100.0
موبایل-و-کالای-دیجیتال,گوشی-موبایل,__no_l3__,1404-05,1.0,0.9667,25,0.9658,1.0,100.0,96.58,100.0
موبایل-و-کالای-دیجیتال,گوشی-موبایل,__no_l3__,1404-06,1.0,1.0271,25,1.0,1.0195,100.0,100.0,101.95
موبایل-و-کالای-دیجیتال,گوشی-موبایل,__no_l3__,1404-07,1.0642,1.1239,25,1.0,1.1185,106.42,100.0,111.85000000000001
موبایل-و-کالای-دیجیتال,گوشی-موبایل,__no_l3__,1404-08,1.0246,1.0737,25,0.9673,1.1231,102.46,96.73,112.31
موبایل-و-کالای-دیجیتال,گوشی-موبایل,__no_l3__,1404-09,1.102,1.1434,25,1.0,1.2363,110.2,100.0,123.63
موبایل-و-کالای-دیجیتال,گوشی-موبایل,__no_l3__,1404-10,1.3186,1.3533,25,1.228,1.511,131.86,122.8,151.1
موبایل-و-کالای-دیجیتال,گوشی-موبایل,__no_l3__,1404-11,1.4055,1.4448,25,1.2974,1.6117,140.55,129.74,161.17
موبایل-و-کالای-دیجیتال,گوشی-موبایل,__no_l3__,1404-12,1.5344,1.5167,25,1.3717,1.6826,153.44,137.17,168.26000000000002
موبایل-و-کالای-دیجیتال,گوشی-موبایل,__no_l3__,1405-01,1.7747,1.7416,25,1.5385,1.9324,177.47,153.85,193.23999999999998
موبایل-و-کالای-دیجیتال,گوشی-موبایل,__no_l3__,1405-02,2.2392,2.1636,25,1.978,2.3689,223.92,197.8,236.89
موبایل-و-کالای-دیجیتال,گوشی-موبایل,__no_l3__,1405-03,2.2483,2.1529,25,1.9879,2.4349,224.82999999999998,198.79,243.48999999999998
موبایل-و-کالای-دیجیتال,گوشی-موبایل,__no_l3__,1405-04,2.1072,2.0699,25,1.9176,2.343,210.72000000000003,191.76,234.3
وسایل-پلاستیکی-و-یکبار-مصرف,سفره-یکبار-مصرف,__no_l3__,1404-01,1.0,1.0,67,1.0,1.0,100.0,100.0,100.0
وسایل-پلاستیکی-و-یکبار-مصرف,سفره-یکبار-مصرف,__no_l3__,1404-02,1.0,1.1589,67,1.0,1.0,100.0,100.0,100.0
وسایل-پلاستیکی-و-یکبار-مصرف,سفره-یکبار-مصرف,__no_l3__,1404-03,1.0,1.1538,67,1.0,1.0,100.0,100.0,100.0
وسایل-پلاستیکی-و-یکبار-مصرف,سفره-یکبار-مصرف,__no_l3__,1404-04,1.0,1.1964,67,1.0,1.0,100.0,100.0,100.0
وسایل-پلاستیکی-و-یکبار-مصرف,سفره-یکبار-مصرف,__no_l3__,1404-05,1.0,1.1731,67,1.0,1.0106,100.0,100.0,101.05999999999999
وسایل-پلاستیکی-و-یکبار-مصرف,سفره-یکبار-مصرف,__no_l3__,1404-06,1.0,1.2053,67,1.0,1.117,100.0,100.0,111.7
وسایل-پلاستیکی-و-یکبار-مصرف,سفره-یکبار-مصرف,__no_l3__,1404-07,1.0,1.225,67,1.0,1.1582,100.0,100.0,115.82
وسایل-پلاستیکی-و-یکبار-مصرف,سفره-یکبار-مصرف,__no_l3__,1404-08,1.0,1.2775,67,1.0,1.2202,100.0,100.0,122.02
وسایل-پلاستیکی-و-یکبار-مصرف,سفره-یکبار-مصرف,__no_l3__,1404-09,1.0968,1.3193,67,1.0,1.3397,109.68,100.0,133.97
وسایل-پلاستیکی-و-یکبار-مصرف,سفره-یکبار-مصرف,__no_l3__,1404-10,1.2222,1.4421,67,1.0,1.5668,122.22,100.0,156.68
وسایل-پلاستیکی-و-یکبار-مصرف,سفره-یکبار-مصرف,__no_l3__,1404-11,1.2796,1.4995,67,1.0,1.7016,127.96000000000001,100.0,170.16
وسایل-پلاستیکی-و-یکبار-مصرف,سفره-یکبار-مصرف,__no_l3__,1404-12,1.3938,1.6189,67,1.0,1.8555,139.38,100.0,185.54999999999998
وسایل-پلاستیکی-و-یکبار-مصرف,سفره-یکبار-مصرف,__no_l3__,1405-01,1.64,1.8786,67,1.0722,2.1439,164.0,107.22,214.39
وسایل-پلاستیکی-و-یکبار-مصرف,سفره-یکبار-مصرف,__no_l3__,1405-02,2.3,2.3179,67,1.4033,2.9305,229.99999999999997,140.33,293.05
وسایل-پلاستیکی-و-یکبار-مصرف,سفره-یکبار-مصرف,__no_l3__,1405-03,2.3719,2.3065,67,1.6664,2.8721,237.19,166.64000000000001,287.21000000000004
وسایل-پلاستیکی-و-یکبار-مصرف,سفره-یکبار-مصرف,__no_l3__,1405-04,2.3719,2.3527,67,1.6675,2.9038,237.19,166.75,290.38
وسایل-پلاستیکی-و-یکبار-مصرف,ظروف-یکبار-مصرف,__no_l3__,1404-01,1.0,1.0,78,1.0,1.0,100.0,100.0,100.0
وسایل-پلاستیکی-و-یکبار-مصرف,ظروف-یکبار-مصرف,__no_l3__,1404-02,1.0,6.2723,78,1.0,1.0117,100.0,100.0,101.17
وسایل-پلاستیکی-و-یکبار-مصرف,ظروف-یکبار-مصرف,__no_l3__,1404-03,1.0,1.0302,78,1.0,1.056,100.0,100.0,105.60000000000001
وسایل-پلاستیکی-و-یکبار-مصرف,ظروف-یکبار-مصرف,__no_l3__,1404-04,1.0,1.0548,78,1.0,1.0926,100.0,100.0,109.26
وسایل-پلاستیکی-و-یکبار-مصرف,ظروف-یکبار-مصرف,__no_l3__,1404-05,1.0,1.0728,78,1.0,1.1532,100.0,100.0,115.32
وسایل-پلاستیکی-و-یکبار-مصرف,ظروف-یکبار-مصرف,__no_l3__,1404-06,1.0367,1.1089,78,1.0,1.2105,103.67,100.0,121.05
وسایل-پلاستیکی-و-یکبار-مصرف,ظروف-یکبار-مصرف,__no_l3__,1404-07,1.0838,1.1207,78,1.0,1.2113,108.38000000000001,100.0,121.13000000000001
وسایل-پلاستیکی-و-یکبار-مصرف,ظروف-یکبار-مصرف,__no_l3__,1404-08,1.1316,12.5949,78,1.0,1.26,113.16,100.0,126.0
وسایل-پلاستیکی-و-یکبار-مصرف,ظروف-یکبار-مصرف,__no_l3__,1404-09,1.2234,65.5159,78,1.0426,1.3472,122.34,104.25999999999999,134.72
وسایل-پلاستیکی-و-یکبار-مصرف,ظروف-یکبار-مصرف,__no_l3__,1404-10,1.4051,83.5773,78,1.1643,1.5649,140.51,116.42999999999999,156.49
وسایل-پلاستیکی-و-یکبار-مصرف,ظروف-یکبار-مصرف,__no_l3__,1404-11,1.4211,80.738,78,1.2243,1.671,142.11,122.42999999999999,167.1
وسایل-پلاستیکی-و-یکبار-مصرف,ظروف-یکبار-مصرف,__no_l3__,1404-12,1.4612,61.8539,78,1.2541,1.7473,146.12,125.41,174.73000000000002
وسایل-پلاستیکی-و-یکبار-مصرف,ظروف-یکبار-مصرف,__no_l3__,1405-01,1.646,107.1216,78,1.3939,2.1681,164.6,139.39,216.81
وسایل-پلاستیکی-و-یکبار-مصرف,ظروف-یکبار-مصرف,__no_l3__,1405-02,2.3996,107.9418,78,1.6338,2.9464,239.96,163.38,294.64
وسایل-پلاستیکی-و-یکبار-مصرف,ظروف-یکبار-مصرف,__no_l3__,1405-03,2.4391,67.0886,78,2.0513,3.289,243.90999999999997,205.13,328.90000000000003
وسایل-پلاستیکی-و-یکبار-مصرف,ظروف-یکبار-مصرف,__no_l3__,1405-04,2.4182,66.991,78,2.0319,3.2334,241.82000000000002,203.18999999999997,323.34000000000003
وسایل-پلاستیکی-و-یکبار-مصرف,فویل-آلومینیوم,__no_l3__,1404-01,1.0,1.0,61,1.0,1.0,100.0,100.0,100.0
وسایل-پلاستیکی-و-یکبار-مصرف,فویل-آلومینیوم,__no_l3__,1404-02,1.0,1.0143,61,1.0,1.0,100.0,100.0,100.0
وسایل-پلاستیکی-و-یکبار-مصرف,فویل-آلومینیوم,__no_l3__,1404-03,1.0,1.0301,61,1.0,1.0161,100.0,100.0,101.61
وسایل-پلاستیکی-و-یکبار-مصرف,فویل-آلومینیوم,__no_l3__,1404-04,1.0,1.0381,61,1.0,1.0,100.0,100.0,100.0
وسایل-پلاستیکی-و-یکبار-مصرف,فویل-آلومینیوم,__no_l3__,1404-05,1.0,1.1183,61,1.0,1.0719,100.0,100.0,107.19000000000001
وسایل-پلاستیکی-و-یکبار-مصرف,فویل-آلومینیوم,__no_l3__,1404-06,1.0,1.1713,61,1.0,1.2036,100.0,100.0,120.36
وسایل-پلاستیکی-و-یکبار-مصرف,فویل-آلومینیوم,__no_l3__,1404-07,1.0557,1.3413,61,1.0,1.2225,105.57000000000001,100.0,122.24999999999999
وسایل-پلاستیکی-و-یکبار-مصرف,فویل-آلومینیوم,__no_l3__,1404-08,1.032,1.3621,61,1.0,1.2453,103.2,100.0,124.53
وسایل-پلاستیکی-و-یکبار-مصرف,فویل-آلومینیوم,__no_l3__,1404-09,1.1456,1.4512,61,1.0,1.4004,114.56,100.0,140.04000000000002
وسایل-پلاستیکی-و-یکبار-مصرف,فویل-آلومینیوم,__no_l3__,1404-10,1.2344,1.5051,61,1.0,1.6465,123.44,100.0,164.65
وسایل-پلاستیکی-و-یکبار-مصرف,فویل-آلومینیوم,__no_l3__,1404-11,1.4457,1.6505,61,1.0452,1.798,144.57,104.52,179.8
وسایل-پلاستیکی-و-یکبار-مصرف,فویل-آلومینیوم,__no_l3__,1404-12,1.619,1.7866,61,1.1122,1.9703,161.9,111.22000000000001,197.03
وسایل-پلاستیکی-و-یکبار-مصرف,فویل-آلومینیوم,__no_l3__,1405-01,1.9031,1.9879,61,1.2286,2.4138,190.31,122.85999999999999,241.38000000000002
وسایل-پلاستیکی-و-یکبار-مصرف,فویل-آلومینیوم,__no_l3__,1405-02,2.2632,2.3516,61,1.3901,2.773,226.32,139.01,277.3
وسایل-پلاستیکی-و-یکبار-مصرف,فویل-آلومینیوم,__no_l3__,1405-03,2.4212,2.5343,61,1.5268,3.21,242.11999999999998,152.68,321.0
وسایل-پلاستیکی-و-یکبار-مصرف,فویل-آلومینیوم,__no_l3__,1405-04,2.4623,2.5634,61,1.5333,3.21,246.23,153.33,321.0
وسایل-پلاستیکی-و-یکبار-مصرف,قوطی-و-بطری-پلاستیکی,__no_l3__,1404-01,1.0,1.0,47,1.0,1.0,100.0,100.0,100.0
وسایل-پلاستیکی-و-یکبار-مصرف,قوطی-و-بطری-پلاستیکی,__no_l3__,1404-02,1.0,0.9959,47,1.0,1.0,100.0,100.0,100.0
وسایل-پلاستیکی-و-یکبار-مصرف,قوطی-و-بطری-پلاستیکی,__no_l3__,1404-03,1.0,1.0212,47,1.0,1.0,100.0,100.0,100.0
وسایل-پلاستیکی-و-یکبار-مصرف,قوطی-و-بطری-پلاستیکی,__no_l3__,1404-04,1.0,3.5039,47,1.0,1.0015,100.0,100.0,100.15
وسایل-پلاستیکی-و-یکبار-مصرف,قوطی-و-بطری-پلاستیکی,__no_l3__,1404-05,1.0,2.2463,47,1.0,1.0,100.0,100.0,100.0
وسایل-پلاستیکی-و-یکبار-مصرف,قوطی-و-بطری-پلاستیکی,__no_l3__,1404-06,1.0128,2.4268,47,1.0,1.0881,101.27999999999999,100.0,108.81
وسایل-پلاستیکی-و-یکبار-مصرف,قوطی-و-بطری-پلاستیکی,__no_l3__,1404-07,1.034,2.3037,47,1.0,1.1634,103.4,100.0,116.34
وسایل-پلاستیکی-و-یکبار-مصرف,قوطی-و-بطری-پلاستیکی,__no_l3__,1404-08,1.0,2.3646,47,1.0,1.2601,100.0,100.0,126.01
وسایل-پلاستیکی-و-یکبار-مصرف,قوطی-و-بطری-پلاستیکی,__no_l3__,1404-09,1.1918,66.6334,47,1.0,1.4634,119.17999999999999,100.0,146.34
وسایل-پلاستیکی-و-یکبار-مصرف,قوطی-و-بطری-پلاستیکی,__no_l3__,1404-10,1.2727,58.5923,47,1.0,1.6715,127.27,100.0,167.15
وسایل-پلاستیکی-و-یکبار-مصرف,قوطی-و-بطری-پلاستیکی,__no_l3__,1404-11,1.2727,58.3362,47,1.0674,1.6475,127.27,106.74,164.75
وسایل-پلاستیکی-و-یکبار-مصرف,قوطی-و-بطری-پلاستیکی,__no_l3__,1404-12,1.3787,58.4185,47,1.1169,1.8457,137.87,111.69,184.57
وسایل-پلاستیکی-و-یکبار-مصرف,قوطی-و-بطری-پلاستیکی,__no_l3__,1405-01,2.125,95.619,47,1.6767,3.2998,212.5,167.67000000000002,329.97999999999996
وسایل-پلاستیکی-و-یکبار-مصرف,قوطی-و-بطری-پلاستیکی,__no_l3__,1405-02,3.2683,173.113,47,2.5256,4.4963,326.83,252.55999999999997,449.63
وسایل-پلاستیکی-و-یکبار-مصرف,قوطی-و-بطری-پلاستیکی,__no_l3__,1405-03,3.1412,182.0379,47,2.2443,4.1295,314.12,224.43,412.95000000000005
وسایل-پلاستیکی-و-یکبار-مصرف,قوطی-و-بطری-پلاستیکی,__no_l3__,1405-04,3.1412,181.7666,47,2.2443,4.1295,314.12,224.43,412.95000000000005
وسایل-پلاستیکی-و-یکبار-مصرف,کیسه-زباله,__no_l3__,1404-01,1.0,1.0,70,1.0,1.0,100.0,100.0,100.0
وسایل-پلاستیکی-و-یکبار-مصرف,کیسه-زباله,__no_l3__,1404-02,1.0,1.0353,70,1.0,1.0,100.0,100.0,100.0
وسایل-پلاستیکی-و-یکبار-مصرف,کیسه-زباله,__no_l3__,1404-03,1.0,1.066,70,1.0,1.0829,100.0,100.0,108.28999999999999
وسایل-پلاستیکی-و-یکبار-مصرف,کیسه-زباله,__no_l3__,1404-04,1.0331,1.1015,70,1.0,1.1473,103.30999999999999,100.0,114.73
وسایل-پلاستیکی-و-یکبار-مصرف,کیسه-زباله,__no_l3__,1404-05,1.0932,1.1352,70,1.0,1.2265,109.32,100.0,122.64999999999999
وسایل-پلاستیکی-و-یکبار-مصرف,کیسه-زباله,__no_l3__,1404-06,1.135,1.1702,70,1.0013,1.2704,113.5,100.13000000000001,127.03999999999999
وسایل-پلاستیکی-و-یکبار-مصرف,کیسه-زباله,__no_l3__,1404-07,1.1979,1.2101,70,1.0046,1.3117,119.78999999999999,100.46,131.17000000000002
وسایل-پلاستیکی-و-یکبار-مصرف,کیسه-زباله,__no_l3__,1404-08,1.2772,1.2719,70,1.0197,1.4166,127.71999999999998,101.97,141.66
وسایل-پلاستیکی-و-یکبار-مصرف,کیسه-زباله,__no_l3__,1404-09,1.32,1.4269,70,1.1104,1.4885,132.0,111.04,148.85
وسایل-پلاستیکی-و-یکبار-مصرف,کیسه-زباله,__no_l3__,1404-10,1.444,1.4385,70,1.2836,1.6321,144.4,128.36,163.21
وسایل-پلاستیکی-و-یکبار-مصرف,کیسه-زباله,__no_l3__,1404-11,1.544,1.628,70,1.3633,1.7444,154.4,136.32999999999998,174.44
وسایل-پلاستیکی-و-یکبار-مصرف,کیسه-زباله,__no_l3__,1404-12,1.5899,1.6865,70,1.4541,1.8962,158.99,145.41,189.62
وسایل-پلاستیکی-و-یکبار-مصرف,کیسه-زباله,__no_l3__,1405-01,1.9112,2.0234,70,1.6355,2.2252,191.12,163.54999999999998,222.52
وسایل-پلاستیکی-و-یکبار-مصرف,کیسه-زباله,__no_l3__,1405-02,2.326,2.5408,70,1.957,2.852,232.6,195.70000000000002,285.2
وسایل-پلاستیکی-و-یکبار-مصرف,کیسه-زباله,__no_l3__,1405-03,2.6176,2.7142,70,2.2909,3.0017,261.76,229.09,300.17
وسایل-پلاستیکی-و-یکبار-مصرف,کیسه-زباله,__no_l3__,1405-04,2.6648,2.7751,70,2.3697,3.0558,266.48,236.97,305.58
وسایل-پلاستیکی-و-یکبار-مصرف,کیسه-فریزر,__no_l3__,1404-01,1.0,1.0,59,1.0,1.0,100.0,100.0,100.0
وسایل-پلاستیکی-و-یکبار-مصرف,کیسه-فریزر,__no_l3__,1404-02,1.0,1.0023,59,1.0,1.0,100.0,100.0,100.0
وسایل-پلاستیکی-و-یکبار-مصرف,کیسه-فریزر,__no_l3__,1404-03,1.0,1.0195,59,1.0,1.0,100.0,100.0,100.0
وسایل-پلاستیکی-و-یکبار-مصرف,کیسه-فریزر,__no_l3__,1404-04,1.0,1.0166,59,1.0,1.0,100.0,100.0,100.0
وسایل-پلاستیکی-و-یکبار-مصرف,کیسه-فریزر,__no_l3__,1404-05,1.0,1.0387,59,1.0,1.0,100.0,100.0,100.0
وسایل-پلاستیکی-و-یکبار-مصرف,کیسه-فریزر,__no_l3__,1404-06,1.0,1.049,59,1.0,1.0162,100.0,100.0,101.62
وسایل-پلاستیکی-و-یکبار-مصرف,کیسه-فریزر,__no_l3__,1404-07,1.0,1.0549,59,1.0,1.1092,100.0,100.0,110.92
وسایل-پلاستیکی-و-یکبار-مصرف,کیسه-فریزر,__no_l3__,1404-08,1.0,1.0613,59,1.0,1.1155,100.0,100.0,111.55
وسایل-پلاستیکی-و-یکبار-مصرف,کیسه-فریزر,__no_l3__,1404-09,1.0,1.0919,59,1.0,1.1626,100.0,100.0,116.26
وسایل-پلاستیکی-و-یکبار-مصرف,کیسه-فریزر,__no_l3__,1404-10,1.0,1.1342,59,1.0,1.3246,100.0,100.0,132.46
وسایل-پلاستیکی-و-یکبار-مصرف,کیسه-فریزر,__no_l3__,1404-11,1.0,1.1554,59,1.0,1.3463,100.0,100.0,134.63
وسایل-پلاستیکی-و-یکبار-مصرف,کیسه-فریزر,__no_l3__,1404-12,1.0348,1.2136,59,1.0,1.4904,103.47999999999999,100.0,149.04
وسایل-پلاستیکی-و-یکبار-مصرف,کیسه-فریزر,__no_l3__,1405-01,1.4041,1.5156,59,1.0,1.8725,140.41,100.0,187.25
وسایل-پلاستیکی-و-یکبار-مصرف,کیسه-فریزر,__no_l3__,1405-02,1.9876,2.4427,59,1.0263,2.8523,198.76,102.63,285.23
وسایل-پلاستیکی-و-یکبار-مصرف,کیسه-فریزر,__no_l3__,1405-03,2.1101,2.3379,59,1.1526,2.8983,211.01000000000002,115.26,289.83
وسایل-پلاستیکی-و-یکبار-مصرف,کیسه-فریزر,__no_l3__,1405-04,2.3684,2.442,59,1.2682,3.0659,236.83999999999997,126.82,306.59000000000003
